transaction_id,user_id,date,time,stock_id,transaction_type,quantity,amount
TXN_00001,3768699384,2025-01-02,09:32:55,1107,sell,3,1250.94
TXN_00002,7552075955,2025-01-02,10:55:31,1107,sell,3,1250.94
TXN_00003,9192201895,2025-01-02,12:43:27,1107,sell,1,416.98
TXN_00004,5775818865,2025-01-02,14:07:30,1103,buy,5,218.75
TXN_00005,5775818865,2025-01-02,15:19:43,1102,sell,1,220.22
TXN_00006,7713225623,2025-01-02,15:43:43,1101,sell,2,485.98
TXN_00007,6772985563,2025-01-02,15:58:14,1102,buy,6,1321.32
TXN_00008,9192201895,2025-01-03,09:55:23,1104,buy,1,192.68
TXN_00009,4313201683,2025-01-03,13:16:16,1102,sell,3,672.57
TXN_00010,3614142517,2025-01-03,16:35:36,1104,buy,1,192.68
TXN_00011,3614142517,2025-01-06,09:41:51,1107,buy,11,4688.31
TXN_00012,1926010870,2025-01-06,09:42:25,1104,buy,5,987.5
TXN_00013,5775818865,2025-01-06,13:51:08,1109,buy,5,747.05
TXN_00014,5775818865,2025-01-06,15:31:56,1109,sell,4,597.64
TXN_00015,9803134690,2025-01-08,09:20:40,1108,buy,1,875.0
TXN_00016,9192201895,2025-01-08,09:28:24,1109,sell,2,280.18
TXN_00017,5775818865,2025-01-08,09:35:59,1104,buy,2,389.86
TXN_00018,7552075955,2025-01-08,09:36:59,1107,buy,3,1268.79
TXN_00019,8093597035,2025-01-08,12:34:38,1108,buy,2,1750.0
TXN_00020,3997467631,2025-01-08,12:35:29,1110,sell,3,1184.82
TXN_00021,3768699384,2025-01-08,16:12:35,1103,buy,3,136.95
TXN_00022,4313201683,2025-01-10,09:10:28,1109,sell,3,407.67
TXN_00023,5970995017,2025-01-10,09:12:29,1104,buy,6,1156.32
TXN_00024,7713225623,2025-01-10,09:30:20,1102,sell,3,656.82
TXN_00025,7552075955,2025-01-10,09:38:01,1106,sell,4,2459.36
TXN_00026,5150695988,2025-01-10,14:59:10,1103,buy,1,44.56
TXN_00027,3997467631,2025-01-10,15:40:01,1108,buy,5,4188.45
TXN_00028,7713225623,2025-01-10,16:20:11,1102,buy,3,656.82
TXN_00029,1402944639,2025-01-13,10:32:36,1102,sell,1,218.46
TXN_00030,9862896116,2025-01-13,12:06:25,1103,sell,2,89.04
TXN_00031,5150695988,2025-01-13,15:16:10,1103,buy,2,89.04
TXN_00032,7552075955,2025-01-13,15:50:03,1104,buy,33,6330.72
TXN_00033,9862896116,2025-01-14,09:02:27,1102,buy,5,1088.8
TXN_00034,9803134690,2025-01-14,09:38:56,1103,buy,1,45.23
TXN_00035,9354048106,2025-01-14,10:16:50,1109,buy,1,131.74
TXN_00036,7713225623,2025-01-14,11:48:25,1106,buy,3,1779.81
TXN_00037,1926010870,2025-01-14,13:44:33,1102,buy,5,1088.8
TXN_00038,3614142517,2025-01-14,14:13:20,1110,buy,15,5945.4
TXN_00039,7552075955,2025-01-15,10:05:07,1105,sell,5,1248.0
TXN_00040,9354048106,2025-01-15,12:05:42,1102,buy,1,223.35
TXN_00041,8093597035,2025-01-15,12:35:07,1103,sell,4,186.12
TXN_00042,4313201683,2025-01-15,14:23:27,1110,buy,3,1284.66
TXN_00043,9192201895,2025-01-15,14:51:30,1104,sell,1,196.52
TXN_00044,9354048106,2025-01-15,15:39:40,1106,sell,5,3080.5
TXN_00045,1402944639,2025-01-16,11:10:44,1105,buy,5,1257.5
TXN_00046,9803134690,2025-01-16,11:19:53,1102,buy,1,220.66
TXN_00047,6625608873,2025-01-16,11:43:35,1106,buy,4,2441.16
TXN_00048,1402944639,2025-01-16,13:13:23,1108,sell,3,2527.11
TXN_00049,7552075955,2025-01-16,13:54:08,1102,buy,37,8164.42
TXN_00050,5970995017,2025-01-16,14:00:51,1108,sell,5,4211.85
TXN_00051,9803134690,2025-01-16,14:46:50,1101,sell,5,1137.25
TXN_00052,5970995017,2025-01-16,16:38:24,1110,buy,49,20277.18
TXN_00053,4313201683,2025-01-16,16:47:09,1107,sell,2,845.9
TXN_00054,3614142517,2025-01-17,09:46:43,1102,buy,1,225.94
TXN_00055,9192201895,2025-01-17,10:24:30,1105,buy,1,256.34
TXN_00056,5229455093,2025-01-17,10:49:17,1106,buy,3,1835.25
TXN_00057,3614142517,2025-01-17,12:12:23,1101,sell,3,687.51
TXN_00058,5229455093,2025-01-17,13:05:42,1107,buy,2,854.78
TXN_00059,3768699384,2025-01-17,13:41:42,1109,buy,30,4130.7
TXN_00060,5775818865,2025-01-17,14:06:03,1109,sell,5,688.45
TXN_00061,5775818865,2025-01-17,16:03:00,1108,buy,17,14587.7
TXN_00062,9192201895,2025-01-21,12:11:09,1101,sell,3,665.55
TXN_00063,4313201683,2025-01-21,12:12:54,1108,buy,4,3478.72
TXN_00064,3614142517,2025-01-21,13:33:37,1104,sell,1,199.16
TXN_00065,3614142517,2025-01-21,15:30:18,1107,sell,5,2134.3
TXN_00066,9354048106,2025-01-21,16:08:23,1102,buy,2,461.42
TXN_00067,6772985563,2025-01-21,16:10:18,1102,buy,5,1153.55
TXN_00068,9192201895,2025-01-21,16:15:16,1106,sell,3,1846.32
TXN_00069,3997467631,2025-01-21,16:31:02,1104,sell,4,796.64
TXN_00070,7552075955,2025-01-22,09:41:31,1105,sell,5,1299.9
TXN_00071,3997467631,2025-01-22,10:59:54,1104,buy,3,598.68
TXN_00072,1402944639,2025-01-22,14:03:46,1108,sell,2,1907.98
TXN_00073,9354048106,2025-01-22,14:51:59,1105,sell,4,1039.92
TXN_00074,9803134690,2025-01-22,15:22:21,1104,buy,5,997.8
TXN_00075,7713225623,2025-01-23,11:08:26,1106,buy,4,2541.6
TXN_00076,3997467631,2025-01-23,11:44:27,1108,buy,2,1969.72
TXN_00077,5970995017,2025-01-24,09:46:37,1109,buy,2,285.2
TXN_00078,3614142517,2025-01-24,12:32:15,1102,sell,3,704.55
TXN_00079,9192201895,2025-01-24,13:54:08,1102,sell,1,234.85
TXN_00080,5970995017,2025-01-24,14:13:11,1110,buy,4,1626.32
TXN_00081,9474078998,2025-01-24,15:02:03,1108,sell,4,3910.36
TXN_00082,4313201683,2025-01-24,16:03:13,1104,sell,5,1007.15
TXN_00083,3614142517,2025-01-27,09:12:31,1102,buy,3,706.26
TXN_00084,3768699384,2025-01-27,09:15:31,1101,sell,1,229.05
TXN_00085,5775818865,2025-01-27,09:17:51,1109,sell,5,592.0
TXN_00086,7552075955,2025-01-27,10:21:22,1105,buy,5,1314.8
TXN_00087,5970995017,2025-01-27,11:33:10,1109,buy,4,473.6
TXN_00088,6625608873,2025-01-27,12:15:50,1106,buy,2,1317.58
TXN_00089,6772985563,2025-01-27,12:16:09,1102,sell,5,1177.1
TXN_00090,9192201895,2025-01-27,12:30:08,1105,buy,2,525.92
TXN_00091,9474078998,2025-01-27,12:33:52,1110,buy,4,1588.6
TXN_00092,6625608873,2025-01-27,13:56:14,1103,buy,5,232.6
TXN_00093,7713225623,2025-01-27,14:19:46,1103,buy,2,93.04
TXN_00094,9862896116,2025-01-27,14:47:01,1101,buy,1,229.05
TXN_00095,9192201895,2025-01-28,09:01:46,1110,sell,3,1194.27
TXN_00096,9474078998,2025-01-28,09:25:57,1110,sell,2,796.18
TXN_00097,7713225623,2025-01-28,11:56:14,1102,sell,4,952.6
TXN_00098,9862896116,2025-01-28,11:56:29,1106,buy,3,2019.63
TXN_00099,5970995017,2025-01-28,12:06:31,1108,buy,5,4859.15
TXN_00100,3997467631,2025-01-28,12:41:54,1102,buy,1,238.15
TXN_00101,5970995017,2025-01-28,12:46:42,1101,sell,3,712.26
TXN_00102,5229455093,2025-01-28,14:45:26,1110,sell,2,796.18
TXN_00103,7713225623,2025-01-28,14:51:24,1104,sell,5,983.05
TXN_00104,4313201683,2025-01-29,09:53:21,1110,sell,3,1167.3
TXN_00105,9862896116,2025-01-29,13:38:31,1107,buy,1,440.64
TXN_00106,6772985563,2025-01-29,15:13:49,1101,buy,1,238.51
TXN_00107,1926010870,2025-01-29,15:27:18,1103,buy,1,46.18
TXN_00108,5775818865,2025-01-29,15:37:25,1104,buy,3,590.16
TXN_00109,6772985563,2025-01-30,09:07:08,1103,buy,2,92.32
TXN_00110,5970995017,2025-01-30,10:09:17,1105,sell,3,795.93
TXN_00111,7713225623,2025-01-30,10:14:58,1105,sell,4,1061.24
TXN_00112,1926010870,2025-01-30,10:50:39,1105,buy,1,265.31
TXN_00113,9192201895,2025-01-30,11:36:25,1105,sell,2,530.62
TXN_00114,4313201683,2025-01-30,12:29:03,1102,buy,3,703.92
TXN_00115,5970995017,2025-01-30,12:29:57,1109,buy,5,623.15
TXN_00116,1926010870,2025-01-30,13:44:13,1110,buy,3,1200.84
TXN_00117,5150695988,2025-01-31,09:07:40,1109,buy,2,240.1
TXN_00118,3614142517,2025-01-31,09:52:12,1101,buy,2,470.34
TXN_00119,9862896116,2025-01-31,09:57:41,1104,buy,4,820.48
TXN_00120,5775818865,2025-01-31,09:58:50,1107,buy,2,826.94
TXN_00121,3768699384,2025-01-31,10:08:57,1103,sell,5,228.7
TXN_00122,8093597035,2025-01-31,10:28:39,1104,buy,5,1025.6
TXN_00123,6625608873,2025-01-31,13:14:52,1104,buy,5,1025.6
TXN_00124,6625608873,2025-01-31,14:00:10,1106,buy,2,1376.08
TXN_00125,9192201895,2025-01-31,16:30:19,1109,buy,4,480.2
TXN_00126,9862896116,2025-02-03,12:13:07,1105,sell,5,1319.55
TXN_00127,9862896116,2025-02-03,16:25:16,1106,buy,3,2088.9
TXN_00128,1926010870,2025-02-04,09:47:01,1104,sell,2,414.44
TXN_00129,7713225623,2025-02-04,11:34:02,1103,sell,2,92.3
TXN_00130,1402944639,2025-02-04,12:00:32,1107,sell,5,2053.95
TXN_00131,7713225623,2025-02-04,12:36:07,1103,buy,5,230.75
TXN_00132,3768699384,2025-02-04,12:55:44,1109,sell,4,474.52
TXN_00133,7552075955,2025-02-04,13:18:27,1104,buy,6,1243.32
TXN_00134,5970995017,2025-02-04,13:57:59,1110,sell,4,1568.84
TXN_00135,6772985563,2025-02-04,14:16:47,1109,sell,3,355.89
TXN_00136,9354048106,2025-02-04,14:37:34,1107,sell,5,2053.95
TXN_00137,8093597035,2025-02-04,14:41:06,1102,buy,130,31467.8
TXN_00138,6625608873,2025-02-05,09:29:40,1106,sell,2,1407.4
TXN_00139,9192201895,2025-02-05,10:07:05,1105,buy,2,534.98
TXN_00140,5775818865,2025-02-05,10:16:10,1106,sell,2,1407.4
TXN_00141,9192201895,2025-02-05,12:34:31,1105,sell,2,534.98
TXN_00142,9354048106,2025-02-05,13:07:55,1108,buy,4,4044.44
TXN_00143,8093597035,2025-02-05,13:08:06,1104,sell,5,964.25
TXN_00144,4313201683,2025-02-05,13:17:19,1104,buy,1,192.85
TXN_00145,5970995017,2025-02-05,13:29:10,1102,sell,2,472.34
TXN_00146,5775818865,2025-02-05,14:15:21,1108,buy,4,4044.44
TXN_00147,6625608873,2025-02-05,14:20:36,1103,sell,2,93.08
TXN_00148,3614142517,2025-02-06,10:03:13,1102,buy,3,716.49
TXN_00149,6772985563,2025-02-06,10:40:26,1107,sell,3,1242.69
TXN_00150,5229455093,2025-02-06,11:04:28,1104,sell,5,964.3
TXN_00151,4313201683,2025-02-06,11:17:51,1102,buy,4,955.32
TXN_00152,1926010870,2025-02-06,11:41:01,1105,buy,2,547.78
TXN_00153,9862896116,2025-02-06,12:12:26,1104,sell,1,192.86
TXN_00154,5970995017,2025-02-06,12:59:39,1104,buy,3,578.58
TXN_00155,9354048106,2025-02-06,15:25:17,1103,sell,3,141.48
TXN_00156,7552075955,2025-02-06,16:15:26,1110,sell,1,374.32
TXN_00157,5150695988,2025-02-06,16:53:28,1108,sell,1,1015.68
TXN_00158,9862896116,2025-02-07,09:13:52,1103,buy,3,140.49
TXN_00159,9354048106,2025-02-07,10:21:58,1108,buy,19,19264.67
TXN_00160,3614142517,2025-02-07,11:52:35,1107,buy,5,2040.9
TXN_00161,9192201895,2025-02-07,14:36:43,1106,sell,3,2140.02
TXN_00162,9862896116,2025-02-07,14:59:33,1103,buy,3,140.49
TXN_00163,5150695988,2025-02-07,15:17:29,1103,buy,165,7726.95
TXN_00164,3997467631,2025-02-07,16:57:57,1101,sell,2,453.64
TXN_00165,9862896116,2025-02-10,09:28:49,1104,sell,4,751.04
TXN_00166,9862896116,2025-02-10,09:36:59,1103,sell,2,92.22
TXN_00167,5775818865,2025-02-10,10:10:00,1108,buy,1,1027.6
TXN_00168,1402944639,2025-02-10,10:41:02,1102,buy,3,699.42
TXN_00169,9803134690,2025-02-10,11:11:09,1104,buy,2,375.52
TXN_00170,1402944639,2025-02-10,11:25:22,1104,sell,2,375.52
TXN_00171,7552075955,2025-02-10,12:02:39,1105,buy,2,536.18
TXN_00172,6772985563,2025-02-10,12:20:09,1108,buy,5,5138.0
TXN_00173,6625608873,2025-02-10,13:03:38,1101,sell,1,227.09
TXN_00174,8093597035,2025-02-10,16:32:05,1106,buy,5,3581.05
TXN_00175,1402944639,2025-02-10,16:58:07,1108,buy,3,3082.8
TXN_00176,9192201895,2025-02-11,10:21:11,1106,buy,1,718.61
TXN_00177,5970995017,2025-02-11,12:13:40,1103,sell,4,184.88
TXN_00178,9803134690,2025-02-11,14:06:07,1107,buy,5,2049.3
TXN_00179,8093597035,2025-02-11,14:52:06,1102,buy,2,465.52
TXN_00180,3614142517,2025-02-11,16:53:25,1107,sell,1,409.86
TXN_00181,7713225623,2025-02-12,10:12:52,1103,sell,4,182.6
TXN_00182,1926010870,2025-02-12,10:40:49,1101,buy,3,708.87
TXN_00183,5970995017,2025-02-12,11:13:08,1103,buy,4,182.6
TXN_00184,6772985563,2025-02-12,13:08:26,1102,buy,1,228.93
TXN_00185,1926010870,2025-02-12,16:02:57,1101,sell,3,708.87
TXN_00186,3997467631,2025-02-12,16:24:18,1110,sell,5,1682.55
TXN_00187,6625608873,2025-02-13,11:00:23,1106,sell,2,1454.7
TXN_00188,4313201683,2025-02-13,14:53:53,1102,buy,15,3455.55
TXN_00189,7552075955,2025-02-13,15:52:13,1104,buy,8,1499.52
TXN_00190,9803134690,2025-02-14,09:27:09,1108,buy,2,2117.2
TXN_00191,9474078998,2025-02-14,09:50:03,1101,sell,4,976.0
TXN_00192,9192201895,2025-02-14,10:33:28,1102,sell,5,1143.4
TXN_00193,9192201895,2025-02-14,14:07:02,1102,buy,5,1143.4
TXN_00194,9192201895,2025-02-14,14:30:29,1108,buy,5,5293.0
TXN_00195,1926010870,2025-02-14,15:58:38,1102,sell,1,228.68
TXN_00196,8093597035,2025-02-18,10:57:33,1103,buy,4,183.88
TXN_00197,5970995017,2025-02-18,12:35:36,1104,buy,4,741.48
TXN_00198,8093597035,2025-02-18,14:06:15,1107,sell,3,1224.21
TXN_00199,5150695988,2025-02-18,15:50:54,1105,buy,5,1384.5
TXN_00200,1402944639,2025-02-19,11:26:24,1102,buy,2,453.26
TXN_00201,4313201683,2025-02-19,13:00:04,1101,buy,1,244.27
TXN_00202,9803134690,2025-02-19,13:01:29,1104,sell,3,560.07
TXN_00203,9862896116,2025-02-19,14:05:23,1104,sell,5,933.45
TXN_00204,5229455093,2025-02-19,14:33:47,1106,buy,3,2107.8
TXN_00205,7552075955,2025-02-19,15:13:33,1105,buy,1,276.21
TXN_00206,9862896116,2025-02-19,16:51:36,1108,sell,5,5216.65
TXN_00207,9803134690,2025-02-19,16:56:17,1102,buy,5,1133.15
TXN_00208,9474078998,2025-02-20,09:40:12,1108,buy,5,5122.7
TXN_00209,1926010870,2025-02-20,09:58:06,1102,sell,3,668.64
TXN_00210,3768699384,2025-02-20,10:07:43,1103,buy,5,223.75
TXN_00211,1402944639,2025-02-20,10:17:27,1107,buy,5,2076.85
TXN_00212,5970995017,2025-02-20,12:16:58,1109,sell,1,140.09
TXN_00213,4313201683,2025-02-20,12:33:09,1109,buy,3,420.27
TXN_00214,9862896116,2025-02-20,14:34:19,1109,sell,1,140.09
TXN_00215,3614142517,2025-02-21,09:05:39,1103,buy,2,88.54
TXN_00216,7552075955,2025-02-21,09:28:01,1106,sell,5,3412.1
TXN_00217,9192201895,2025-02-21,10:34:24,1106,buy,3,2047.26
TXN_00218,1926010870,2025-02-24,13:07:29,1103,sell,2,87.84
TXN_00219,9474078998,2025-02-24,16:33:00,1110,buy,2,661.06
TXN_00220,4313201683,2025-02-25,11:14:53,1101,sell,1,246.44
TXN_00221,5970995017,2025-02-25,11:32:12,1107,sell,1,397.17
TXN_00222,5775818865,2025-02-25,12:08:28,1104,buy,5,884.8
TXN_00223,8093597035,2025-02-25,12:52:52,1102,sell,2,425.6
TXN_00224,5775818865,2025-02-25,13:37:27,1106,buy,2,1312.82
TXN_00225,9862896116,2025-02-25,14:00:03,1103,buy,3,130.23
TXN_00226,5970995017,2025-02-25,14:50:25,1106,sell,5,3282.05
TXN_00227,7713225623,2025-02-25,15:07:52,1109,sell,3,379.83
TXN_00228,1402944639,2025-02-25,16:31:02,1102,buy,4,851.2
TXN_00229,6772985563,2025-02-25,16:45:18,1102,buy,5,1064.0
TXN_00230,7552075955,2025-02-26,09:13:13,1110,sell,2,581.6
TXN_00231,7713225623,2025-02-26,09:59:29,1107,buy,3,1197.0
TXN_00232,9192201895,2025-02-26,10:18:02,1105,sell,3,767.91
TXN_00233,9354048106,2025-02-26,10:24:19,1109,sell,1,131.26
TXN_00234,9192201895,2025-02-26,11:50:51,1108,buy,13,12870.78
TXN_00235,7552075955,2025-02-26,11:53:35,1105,sell,2,511.94
TXN_00236,1926010870,2025-02-26,12:46:41,1103,buy,3,130.23
TXN_00237,1926010870,2025-02-26,13:41:02,1101,buy,5,1198.85
TXN_00238,9354048106,2025-02-26,13:41:38,1103,sell,5,217.05
TXN_00239,9192201895,2025-02-26,14:24:25,1110,buy,2,581.6
TXN_00240,3614142517,2025-02-26,14:47:16,1109,buy,1,131.26
TXN_00241,9474078998,2025-02-27,10:09:19,1107,buy,5,1959.05
TXN_00242,6772985563,2025-02-27,11:13:07,1101,buy,5,1183.6
TXN_00243,3997467631,2025-02-27,14:23:46,1109,buy,1,120.13
TXN_00244,4313201683,2025-02-27,15:30:06,1106,sell,4,2628.6
TXN_00245,7713225623,2025-02-28,09:32:43,1105,buy,5,1308.85
TXN_00246,3614142517,2025-02-28,10:15:49,1105,buy,2,523.54
TXN_00247,9862896116,2025-02-28,12:38:57,1103,buy,1,45.54
TXN_00248,6625608873,2025-02-28,14:27:58,1109,buy,2,249.8
TXN_00249,3614142517,2025-02-28,14:53:50,1106,sell,1,667.09
TXN_00250,3768699384,2025-03-03,09:51:27,1109,sell,4,456.16
TXN_00251,5775818865,2025-03-03,11:52:19,1106,sell,5,3269.8
TXN_00252,5150695988,2025-03-03,13:09:52,1106,buy,1,653.96
TXN_00253,9192201895,2025-03-03,13:13:09,1103,buy,3,135.03
TXN_00254,6772985563,2025-03-03,13:36:15,1101,buy,24,5698.8
TXN_00255,9474078998,2025-03-03,14:56:50,1103,sell,5,225.05
TXN_00256,9192201895,2025-03-03,15:16:10,1102,sell,5,1025.1
TXN_00257,5970995017,2025-03-04,11:21:56,1108,sell,3,2917.74
TXN_00258,9474078998,2025-03-04,11:40:17,1109,sell,4,463.88
TXN_00259,3997467631,2025-03-04,12:38:19,1108,sell,5,4862.9
TXN_00260,5229455093,2025-03-04,16:43:50,1104,buy,74,12743.54
TXN_00261,5229455093,2025-03-05,09:33:21,1102,buy,3,625.08
TXN_00262,5775818865,2025-03-05,10:45:06,1104,sell,2,349.16
TXN_00263,3614142517,2025-03-05,11:27:33,1110,buy,4,1116.4
TXN_00264,3614142517,2025-03-05,11:31:13,1103,sell,4,167.12
TXN_00265,7552075955,2025-03-05,14:00:31,1101,sell,1,235.16
TXN_00266,3614142517,2025-03-05,14:41:24,1109,sell,1,117.28
TXN_00267,4313201683,2025-03-05,15:40:40,1105,buy,1,248.79
TXN_00268,8093597035,2025-03-06,09:41:06,1102,buy,5,1003.5
TXN_00269,6625608873,2025-03-06,09:51:18,1110,sell,2,526.9
TXN_00270,3768699384,2025-03-06,13:05:45,1109,sell,2,221.1
TXN_00271,5970995017,2025-03-06,13:23:44,1108,sell,1,906.36
TXN_00272,9803134690,2025-03-06,13:42:14,1102,sell,1,200.7
TXN_00273,5970995017,2025-03-06,14:33:48,1109,sell,1,110.55
TXN_00274,1926010870,2025-03-06,14:36:07,1107,buy,2,792.32
TXN_00275,9192201895,2025-03-06,15:21:44,1103,sell,2,81.92
TXN_00276,9803134690,2025-03-06,15:25:51,1103,buy,1,40.96
TXN_00277,1926010870,2025-03-07,12:36:39,1109,buy,1,112.67
TXN_00278,6625608873,2025-03-07,13:56:04,1110,sell,2,525.34
TXN_00279,3997467631,2025-03-07,15:07:14,1106,buy,1,624.62
TXN_00280,9354048106,2025-03-07,15:35:27,1107,buy,5,1962.95
TXN_00281,3768699384,2025-03-07,16:48:14,1105,buy,8,1917.12
TXN_00282,9803134690,2025-03-10,12:00:27,1107,sell,5,1897.3
TXN_00283,5229455093,2025-03-10,15:45:07,1106,sell,3,1791.0
TXN_00284,3614142517,2025-03-10,16:38:31,1103,buy,4,158.4
TXN_00285,5970995017,2025-03-11,09:11:33,1103,buy,2,78.76
TXN_00286,7713225623,2025-03-11,12:57:16,1108,buy,5,4475.5
TXN_00287,9803134690,2025-03-11,13:14:32,1105,sell,2,453.3
TXN_00288,6772985563,2025-03-11,13:40:11,1104,sell,2,331.56
TXN_00289,6772985563,2025-03-12,10:52:01,1103,sell,2,79.36
TXN_00290,5150695988,2025-03-12,11:27:52,1109,buy,5,578.65
TXN_00291,7552075955,2025-03-12,11:45:31,1101,buy,1,216.45
TXN_00292,9862896116,2025-03-12,12:15:20,1107,sell,4,1530.28
TXN_00293,3614142517,2025-03-12,12:54:50,1104,sell,4,675.2
TXN_00294,9192201895,2025-03-12,13:31:28,1110,buy,2,496.18
TXN_00295,1926010870,2025-03-12,13:44:35,1104,sell,5,844.0
TXN_00296,3768699384,2025-03-12,13:55:24,1107,buy,4,1530.28
TXN_00297,6625608873,2025-03-12,16:42:19,1108,buy,2,1839.36
TXN_00298,7713225623,2025-03-13,09:13:30,1103,buy,5,197.2
TXN_00299,9354048106,2025-03-13,10:09:39,1101,buy,1,209.17
TXN_00300,5150695988,2025-03-13,11:13:48,1105,buy,1,222.74
TXN_00301,9803134690,2025-03-13,13:57:00,1103,sell,1,39.44
TXN_00302,5229455093,2025-03-14,11:12:37,1110,buy,6,1499.88
TXN_00303,6625608873,2025-03-14,11:13:19,1103,buy,4,162.6
TXN_00304,5775818865,2025-03-14,11:47:17,1104,sell,5,837.1
TXN_00305,9354048106,2025-03-14,12:39:00,1109,buy,2,243.32
TXN_00306,8093597035,2025-03-14,12:47:07,1107,buy,2,775.7
TXN_00307,3997467631,2025-03-14,14:35:30,1108,buy,5,4590.0
TXN_00308,6772985563,2025-03-14,15:37:18,1109,buy,4,486.64
TXN_00309,9474078998,2025-03-17,10:29:33,1103,buy,1,41.2
TXN_00310,7713225623,2025-03-17,10:37:30,1109,buy,4,478.08
TXN_00311,7713225623,2025-03-17,12:39:09,1109,sell,5,597.6
TXN_00312,8093597035,2025-03-17,13:28:29,1102,sell,2,391.48
TXN_00313,7552075955,2025-03-17,15:05:37,1110,sell,3,714.03
TXN_00314,9474078998,2025-03-17,16:12:03,1109,buy,5,597.6
TXN_00315,5970995017,2025-03-18,09:31:11,1106,sell,4,2327.64
TXN_00316,6625608873,2025-03-18,11:11:14,1106,buy,7,4073.37
TXN_00317,8093597035,2025-03-18,12:35:34,1104,buy,5,812.35
TXN_00318,7552075955,2025-03-18,13:10:33,1102,buy,3,578.46
TXN_00319,5229455093,2025-03-18,14:05:50,1110,buy,15,3379.65
TXN_00320,9862896116,2025-03-18,14:33:28,1106,sell,5,2909.55
TXN_00321,6772985563,2025-03-18,15:04:20,1102,buy,4,771.28
TXN_00322,1926010870,2025-03-18,15:58:07,1101,buy,1,212.17
TXN_00323,1402944639,2025-03-18,16:08:55,1105,sell,5,1162.05
TXN_00324,4313201683,2025-03-18,16:54:07,1103,buy,2,82.82
TXN_00325,3997467631,2025-03-19,09:10:40,1106,sell,2,1167.22
TXN_00326,6772985563,2025-03-19,09:18:44,1103,sell,5,209.8
TXN_00327,7552075955,2025-03-19,10:56:24,1106,buy,3,1750.83
TXN_00328,3614142517,2025-03-19,15:50:02,1107,buy,12,4645.32
TXN_00329,9192201895,2025-03-20,09:55:11,1104,buy,4,659.4
TXN_00330,9474078998,2025-03-20,10:29:17,1109,buy,4,474.08
TXN_00331,3768699384,2025-03-20,10:41:19,1101,buy,4,854.32
TXN_00332,6625608873,2025-03-20,11:43:21,1106,sell,1,585.55
TXN_00333,9862896116,2025-03-20,14:41:01,1107,sell,4,1544.52
TXN_00334,5970995017,2025-03-20,15:02:29,1109,buy,1,118.52
TXN_00335,4313201683,2025-03-20,15:20:40,1102,sell,4,779.8
TXN_00336,3997467631,2025-03-20,16:56:03,1102,buy,2,389.9
TXN_00337,7713225623,2025-03-21,11:40:32,1110,buy,1,248.71
TXN_00338,3768699384,2025-03-21,11:56:18,1110,buy,1,248.71
TXN_00339,8093597035,2025-03-21,12:46:04,1105,sell,1,239.0
TXN_00340,5970995017,2025-03-21,15:33:17,1101,buy,4,870.96
TXN_00341,9803134690,2025-03-21,16:46:39,1101,buy,18,3919.32
TXN_00342,5150695988,2025-03-24,10:32:28,1103,buy,5,214.1
TXN_00343,9474078998,2025-03-24,15:01:59,1110,buy,5,1391.95
TXN_00344,9474078998,2025-03-25,09:39:19,1102,buy,3,617.13
TXN_00345,5150695988,2025-03-25,11:25:20,1107,buy,3,1183.32
TXN_00346,3768699384,2025-03-25,12:23:42,1109,buy,4,482.72
TXN_00347,5775818865,2025-03-25,13:05:08,1102,buy,3,617.13
TXN_00348,9474078998,2025-03-25,13:26:22,1102,buy,1,205.71
TXN_00349,3997467631,2025-03-25,13:53:10,1104,sell,3,517.74
TXN_00350,5775818865,2025-03-25,14:49:49,1107,sell,2,788.88
TXN_00351,3768699384,2025-03-25,16:32:56,1107,sell,4,1577.76
TXN_00352,3768699384,2025-03-26,09:18:21,1106,sell,5,3052.55
TXN_00353,1926010870,2025-03-26,09:49:14,1107,buy,1,389.26
TXN_00354,3997467631,2025-03-26,11:39:04,1109,sell,1,113.75
TXN_00355,9803134690,2025-03-26,13:00:54,1101,buy,5,1104.95
TXN_00356,1926010870,2025-03-26,13:25:12,1104,sell,1,166.94
TXN_00357,7713225623,2025-03-26,14:04:14,1103,sell,2,85.14
TXN_00358,7713225623,2025-03-26,15:56:24,1103,buy,5,212.85
TXN_00359,9192201895,2025-03-26,16:53:20,1104,buy,3,500.82
TXN_00360,1926010870,2025-03-26,16:56:37,1101,buy,4,883.96
TXN_00361,4313201683,2025-03-27,13:07:57,1101,sell,2,446.6
TXN_00362,6772985563,2025-03-27,14:55:33,1106,sell,2,1204.24
TXN_00363,4313201683,2025-03-27,15:48:08,1102,buy,40,8054.4
TXN_00364,5150695988,2025-03-27,16:17:00,1106,buy,5,3010.6
TXN_00365,9192201895,2025-03-28,09:52:55,1104,buy,10,1558.7
TXN_00366,9474078998,2025-03-28,10:51:06,1108,buy,8,7470.8
TXN_00367,5970995017,2025-03-28,11:02:36,1102,buy,1,192.72
TXN_00368,3614142517,2025-03-28,11:52:53,1110,buy,5,1317.75
TXN_00369,7552075955,2025-03-28,12:19:54,1101,buy,4,869.48
TXN_00370,7552075955,2025-03-28,14:33:28,1110,buy,1,263.55
TXN_00371,5970995017,2025-03-28,15:05:55,1108,sell,3,2801.55
TXN_00372,5150695988,2025-03-31,09:39:47,1103,buy,110,4563.9
TXN_00373,8093597035,2025-03-31,10:17:52,1104,sell,5,780.2
TXN_00374,7713225623,2025-03-31,13:14:47,1109,sell,4,433.48
TXN_00375,5775818865,2025-03-31,15:52:04,1105,buy,6,1455.78
TXN_00376,7713225623,2025-04-01,13:42:48,1107,buy,1,381.49
TXN_00377,6625608873,2025-04-01,13:51:24,1107,buy,4,1525.96
TXN_00378,6772985563,2025-04-01,14:07:18,1102,buy,28,5380.76
TXN_00379,3768699384,2025-04-01,15:15:01,1106,buy,5,2927.75
TXN_00380,4313201683,2025-04-01,15:49:31,1104,buy,5,793.45
TXN_00381,7713225623,2025-04-01,16:06:40,1103,buy,4,165.0
TXN_00382,9354048106,2025-04-01,16:09:45,1106,buy,5,2927.75
TXN_00383,1402944639,2025-04-02,09:30:37,1108,buy,3,2806.56
TXN_00384,9192201895,2025-04-02,14:15:08,1105,buy,2,486.28
TXN_00385,7552075955,2025-04-02,15:28:53,1110,buy,3,848.28
TXN_00386,1402944639,2025-04-03,09:32:34,1104,sell,4,609.8
TXN_00387,4313201683,2025-04-03,10:07:50,1109,sell,5,508.95
TXN_00388,8093597035,2025-04-03,11:04:55,1106,sell,5,2656.05
TXN_00389,9862896116,2025-04-03,13:44:54,1103,buy,4,148.0
TXN_00390,5970995017,2025-04-03,13:53:00,1110,sell,1,267.28
TXN_00391,3768699384,2025-04-03,14:47:54,1109,buy,3,305.37
TXN_00392,9474078998,2025-04-03,14:49:44,1109,sell,4,407.16
TXN_00393,9862896116,2025-04-03,15:26:10,1103,sell,3,111.0
TXN_00394,5970995017,2025-04-04,10:11:16,1101,buy,1,187.92
TXN_00395,1402944639,2025-04-04,10:20:36,1103,buy,5,170.95
TXN_00396,7713225623,2025-04-04,11:55:13,1105,sell,5,1046.35
TXN_00397,3614142517,2025-04-04,12:48:49,1105,sell,3,627.81
TXN_00398,5970995017,2025-04-04,13:16:36,1102,sell,1,171.0
TXN_00399,5229455093,2025-04-04,13:22:20,1110,buy,10,2394.3
TXN_00400,9192201895,2025-04-04,14:11:00,1106,buy,3,1513.02
TXN_00401,3997467631,2025-04-04,14:48:51,1101,buy,3,563.76
TXN_00402,1926010870,2025-04-04,16:54:10,1109,buy,7,660.1
TXN_00403,3614142517,2025-04-07,10:23:19,1108,sell,2,1735.66
TXN_00404,5970995017,2025-04-07,10:54:12,1105,buy,3,640.23
TXN_00405,9803134690,2025-04-07,13:56:11,1104,buy,11,1639.66
TXN_00406,5150695988,2025-04-07,14:14:23,1105,buy,2,426.82
TXN_00407,9192201895,2025-04-07,15:48:48,1109,buy,7,683.41
TXN_00408,1402944639,2025-04-07,16:12:21,1104,buy,3,447.18
TXN_00409,9192201895,2025-04-08,14:43:34,1110,buy,6,1331.16
TXN_00410,4313201683,2025-04-08,16:54:27,1107,sell,3,1061.73
TXN_00411,9474078998,2025-04-09,09:20:59,1102,buy,5,955.5
TXN_00412,5229455093,2025-04-09,10:51:03,1102,buy,1,191.1
TXN_00413,7713225623,2025-04-09,12:20:01,1101,sell,5,991.8
TXN_00414,1926010870,2025-04-09,15:12:18,1107,sell,2,779.54
TXN_00415,8093597035,2025-04-09,16:16:30,1102,buy,2,382.2
TXN_00416,6772985563,2025-04-10,10:17:26,1101,sell,5,949.8
TXN_00417,3614142517,2025-04-10,11:52:38,1104,buy,3,465.54
TXN_00418,9862896116,2025-04-10,13:42:09,1109,buy,1,107.56
TXN_00419,9803134690,2025-04-10,13:56:32,1102,sell,5,906.1
TXN_00420,7713225623,2025-04-10,14:31:52,1102,buy,3,543.66
TXN_00421,1926010870,2025-04-10,16:20:34,1103,sell,1,35.64
TXN_00422,7713225623,2025-04-10,16:58:56,1105,sell,5,1130.1
TXN_00423,9862896116,2025-04-11,09:06:54,1108,buy,5,4591.45
TXN_00424,9474078998,2025-04-11,09:13:25,1104,sell,5,796.05
TXN_00425,6772985563,2025-04-11,10:04:05,1110,sell,3,756.93
TXN_00426,1926010870,2025-04-11,10:36:22,1104,sell,5,796.05
TXN_00427,5970995017,2025-04-11,11:47:13,1107,buy,2,775.48
TXN_00428,8093597035,2025-04-11,12:00:25,1102,sell,3,554.61
TXN_00429,9192201895,2025-04-11,12:48:50,1105,buy,3,705.21
TXN_00430,6772985563,2025-04-11,15:43:33,1103,sell,1,35.74
TXN_00431,6772985563,2025-04-11,16:24:56,1102,buy,21,3882.27
TXN_00432,9354048106,2025-04-14,09:11:12,1103,buy,5,182.3
TXN_00433,9474078998,2025-04-14,12:15:51,1109,sell,5,553.5
TXN_00434,9354048106,2025-04-14,13:02:05,1102,buy,1,182.12
TXN_00435,5150695988,2025-04-14,14:18:20,1108,buy,1,931.28
TXN_00436,6625608873,2025-04-14,14:54:13,1106,buy,1,531.07
TXN_00437,1402944639,2025-04-15,09:30:25,1104,buy,4,633.96
TXN_00438,3997467631,2025-04-15,10:24:39,1105,buy,5,1160.05
TXN_00439,7552075955,2025-04-15,11:00:16,1106,buy,4,2084.48
TXN_00440,7713225623,2025-04-15,11:56:59,1103,buy,2,75.54
TXN_00441,1402944639,2025-04-15,12:04:54,1109,sell,3,336.57
TXN_00442,7713225623,2025-04-15,12:37:43,1107,buy,2,770.04
TXN_00443,5150695988,2025-04-15,13:27:05,1107,sell,5,1925.1
TXN_00444,5970995017,2025-04-15,13:59:18,1109,sell,4,448.76
TXN_00445,3768699384,2025-04-15,14:01:35,1108,sell,2,1952.56
TXN_00446,6625608873,2025-04-15,14:34:15,1101,buy,1,201.65
TXN_00447,1402944639,2025-04-15,15:13:27,1104,buy,1,158.49
TXN_00448,4313201683,2025-04-15,15:23:07,1102,buy,68,12212.12
TXN_00449,7552075955,2025-04-15,16:01:48,1108,sell,2,1952.56
TXN_00450,5970995017,2025-04-16,10:40:58,1109,sell,5,522.4
TXN_00451,1926010870,2025-04-16,11:28:21,1101,sell,1,193.8
TXN_00452,5150695988,2025-04-16,11:59:07,1102,buy,15,2614.95
TXN_00453,3768699384,2025-04-16,12:55:21,1105,buy,5,1142.55
TXN_00454,7713225623,2025-04-16,15:49:28,1107,sell,2,741.86
TXN_00455,6625608873,2025-04-16,16:08:43,1101,buy,12,2325.6
TXN_00456,5970995017,2025-04-17,10:59:09,1110,buy,1,241.37
TXN_00457,9354048106,2025-04-17,12:37:03,1102,buy,3,517.83
TXN_00458,5970995017,2025-04-17,13:51:47,1105,buy,1,230.85
TXN_00459,8093597035,2025-04-17,14:23:11,1102,sell,3,517.83
TXN_00460,5150695988,2025-04-17,16:05:35,1110,sell,3,724.11
TXN_00461,5150695988,2025-04-17,16:17:05,1107,sell,3,1101.33
TXN_00462,9474078998,2025-04-21,09:28:42,1108,sell,2,1975.82
TXN_00463,7552075955,2025-04-21,09:55:49,1105,sell,1,227.89
TXN_00464,4313201683,2025-04-21,11:27:43,1108,buy,3,2963.73
TXN_00465,1402944639,2025-04-21,13:19:41,1107,buy,2,716.92
TXN_00466,1926010870,2025-04-21,15:23:59,1104,buy,1,149.68
TXN_00467,5229455093,2025-04-21,16:33:54,1107,sell,2,716.92
TXN_00468,3768699384,2025-04-22,10:24:32,1110,buy,7,1665.79
TXN_00469,5229455093,2025-04-22,12:21:06,1101,sell,5,996.25
TXN_00470,7713225623,2025-04-22,15:44:53,1102,buy,4,692.72
TXN_00471,1402944639,2025-04-22,15:50:22,1107,buy,2,732.3
TXN_00472,1926010870,2025-04-22,16:44:50,1102,buy,18,3117.24
TXN_00473,3614142517,2025-04-22,16:45:30,1101,sell,3,597.75
TXN_00474,9192201895,2025-04-23,10:37:37,1105,sell,5,1198.65
TXN_00475,9354048106,2025-04-23,11:18:26,1102,sell,2,361.2
TXN_00476,7552075955,2025-04-23,12:24:35,1105,buy,1,239.73
TXN_00477,5229455093,2025-04-23,14:56:45,1105,sell,3,719.19
TXN_00478,6625608873,2025-04-24,09:02:50,1103,sell,5,196.75
TXN_00479,5970995017,2025-04-24,09:20:25,1104,buy,3,483.84
TXN_00480,9354048106,2025-04-24,09:58:04,1105,buy,4,973.88
TXN_00481,9354048106,2025-04-24,10:49:00,1106,buy,2,1065.48
TXN_00482,3614142517,2025-04-24,11:14:22,1102,buy,3,559.62
TXN_00483,1402944639,2025-04-24,11:39:15,1105,buy,3,730.41
TXN_00484,3614142517,2025-04-24,12:02:11,1102,sell,3,559.62
TXN_00485,9862896116,2025-04-24,13:52:48,1107,sell,1,386.59
TXN_00486,9354048106,2025-04-24,16:35:07,1110,sell,5,1297.55
TXN_00487,6625608873,2025-04-25,10:09:40,1101,buy,1,208.77
TXN_00488,9803134690,2025-04-25,13:24:07,1104,sell,2,327.3
TXN_00489,6772985563,2025-04-25,14:38:34,1109,sell,4,444.0
TXN_00490,5970995017,2025-04-25,15:51:40,1104,buy,1,163.65
TXN_00491,7552075955,2025-04-25,16:28:23,1106,buy,2,1093.7
TXN_00492,9862896116,2025-04-25,16:51:57,1106,buy,5,2734.25
TXN_00493,5775818865,2025-04-28,09:34:43,1106,buy,16,8789.12
TXN_00494,8093597035,2025-04-28,09:35:15,1105,buy,1,242.05
TXN_00495,4313201683,2025-04-28,11:10:08,1109,buy,5,543.6
TXN_00496,3997467631,2025-04-28,13:50:39,1103,sell,5,197.75
TXN_00497,3768699384,2025-04-28,13:57:58,1107,buy,3,1171.32
TXN_00498,3614142517,2025-04-28,14:23:01,1110,buy,1,285.88
TXN_00499,5970995017,2025-04-28,16:18:09,1101,sell,3,628.89
TXN_00500,1926010870,2025-04-28,16:52:07,1109,sell,1,108.72
TXN_00501,5229455093,2025-04-29,09:53:47,1106,sell,3,1662.03
TXN_00502,5970995017,2025-04-29,11:00:37,1108,buy,3,3376.92
TXN_00503,9354048106,2025-04-29,11:14:02,1102,sell,1,187.39
TXN_00504,5970995017,2025-04-29,11:45:25,1106,buy,5,2770.05
TXN_00505,5970995017,2025-04-29,13:58:46,1102,buy,2,374.78
TXN_00506,7552075955,2025-04-29,14:23:16,1104,buy,1,161.87
TXN_00507,7552075955,2025-04-29,14:32:13,1110,buy,2,584.06
TXN_00508,7713225623,2025-04-29,14:43:40,1103,sell,2,79.52
TXN_00509,9474078998,2025-04-29,14:55:02,1101,sell,4,842.76
TXN_00510,5229455093,2025-04-29,16:06:18,1110,buy,2,584.06
TXN_00511,9192201895,2025-04-29,16:38:12,1107,sell,3,1179.96
TXN_00512,6772985563,2025-04-30,11:09:05,1104,sell,1,160.7
TXN_00513,1402944639,2025-04-30,14:07:54,1102,buy,1,184.42
TXN_00514,9803134690,2025-04-30,14:18:14,1108,sell,2,2263.44
TXN_00515,5970995017,2025-04-30,14:25:59,1102,buy,5,922.1
TXN_00516,9354048106,2025-04-30,15:44:29,1106,buy,5,2742.9
TXN_00517,5229455093,2025-04-30,16:02:05,1102,sell,3,553.26
TXN_00518,9354048106,2025-05-01,14:16:04,1101,sell,1,212.8
TXN_00519,8093597035,2025-05-01,16:09:11,1102,buy,3,570.6
TXN_00520,7713225623,2025-05-02,11:16:58,1110,sell,1,287.21
TXN_00521,9474078998,2025-05-02,11:21:46,1110,buy,2,574.42
TXN_00522,5970995017,2025-05-02,11:34:35,1101,buy,3,614.55
TXN_00523,1926010870,2025-05-02,11:46:22,1104,buy,2,331.22
TXN_00524,9192201895,2025-05-02,12:13:38,1103,buy,4,163.32
TXN_00525,9803134690,2025-05-02,12:55:26,1110,buy,5,1436.05
TXN_00526,9354048106,2025-05-02,15:41:32,1104,sell,3,496.83
TXN_00527,9474078998,2025-05-05,09:11:50,1107,sell,1,435.37
TXN_00528,3614142517,2025-05-05,09:14:23,1102,buy,2,372.7
TXN_00529,7552075955,2025-05-05,13:00:27,1104,sell,1,165.85
TXN_00530,9474078998,2025-05-05,13:36:46,1107,buy,1,435.37
TXN_00531,3768699384,2025-05-05,13:40:19,1106,buy,3,1796.43
TXN_00532,9474078998,2025-05-05,14:20:19,1104,buy,5,829.25
TXN_00533,3768699384,2025-05-05,15:16:14,1101,buy,2,396.8
TXN_00534,5970995017,2025-05-05,15:33:00,1108,buy,3,3402.18
TXN_00535,5970995017,2025-05-06,09:16:48,1104,buy,4,660.0
TXN_00536,3768699384,2025-05-06,09:32:06,1109,buy,6,681.18
TXN_00537,4313201683,2025-05-06,10:23:35,1107,buy,2,865.04
TXN_00538,1402944639,2025-05-06,11:26:14,1104,buy,2,330.0
TXN_00539,3768699384,2025-05-06,13:45:02,1103,sell,4,162.4
TXN_00540,5150695988,2025-05-06,13:48:11,1108,buy,3,3413.07
TXN_00541,7552075955,2025-05-06,14:16:53,1110,buy,3,826.05
TXN_00542,8093597035,2025-05-06,16:12:50,1102,buy,9,1665.09
TXN_00543,5150695988,2025-05-06,16:19:15,1109,sell,5,567.65
TXN_00544,5970995017,2025-05-07,09:56:27,1103,buy,4,162.76
TXN_00545,7552075955,2025-05-07,09:59:25,1102,buy,64,12077.44
TXN_00546,5150695988,2025-05-07,13:16:13,1106,buy,1,596.35
TXN_00547,5970995017,2025-05-07,13:23:56,1105,sell,5,1240.95
TXN_00548,1402944639,2025-05-07,14:21:32,1101,sell,5,978.85
TXN_00549,7713225623,2025-05-07,15:51:45,1103,sell,1,40.69
TXN_00550,7713225623,2025-05-07,15:54:55,1110,buy,5,1381.1
TXN_00551,3614142517,2025-05-07,16:15:31,1105,sell,2,496.38
TXN_00552,5970995017,2025-05-07,16:26:41,1104,buy,4,610.48
TXN_00553,1402944639,2025-05-07,16:31:52,1102,sell,4,754.84
TXN_00554,5970995017,2025-05-08,09:00:55,1107,buy,1,437.37
TXN_00555,1926010870,2025-05-08,09:10:26,1103,buy,4,165.44
TXN_00556,9192201895,2025-05-08,10:05:19,1104,sell,4,622.24
TXN_00557,1402944639,2025-05-08,10:11:52,1109,buy,3,352.08
TXN_00558,9354048106,2025-05-08,11:26:05,1103,buy,3,124.08
TXN_00559,5775818865,2025-05-08,14:24:59,1109,buy,4,469.44
TXN_00560,3614142517,2025-05-08,14:26:07,1106,buy,6,3585.3
TXN_00561,6772985563,2025-05-08,15:37:58,1108,buy,13,14877.59
TXN_00562,9192201895,2025-05-08,16:04:38,1107,buy,1,437.37
TXN_00563,7552075955,2025-05-08,16:24:37,1109,sell,4,469.44
TXN_00564,5775818865,2025-05-08,16:49:55,1107,sell,3,1312.11
TXN_00565,9474078998,2025-05-09,09:49:57,1102,sell,1,193.06
TXN_00566,3997467631,2025-05-09,10:09:56,1110,buy,3,894.78
TXN_00567,1402944639,2025-05-09,12:53:04,1103,sell,5,207.75
TXN_00568,4313201683,2025-05-09,13:04:34,1108,sell,3,3420.66
TXN_00569,7713225623,2025-05-09,13:16:11,1103,buy,1,41.55
TXN_00570,3997467631,2025-05-09,14:10:04,1106,buy,2,1184.06
TXN_00571,9862896116,2025-05-09,14:22:29,1108,buy,5,5701.1
TXN_00572,3768699384,2025-05-09,15:34:29,1110,buy,65,19386.9
TXN_00573,5229455093,2025-05-09,15:55:00,1104,sell,2,308.38
TXN_00574,1402944639,2025-05-09,16:26:56,1109,sell,4,466.56
TXN_00575,9803134690,2025-05-12,09:00:44,1106,buy,27,17251.38
TXN_00576,9474078998,2025-05-12,09:08:30,1107,buy,14,6278.16
TXN_00577,6625608873,2025-05-12,09:12:28,1106,buy,3,1916.82
TXN_00578,9862896116,2025-05-12,09:49:47,1109,sell,1,122.99
TXN_00579,1926010870,2025-05-12,12:02:22,1102,buy,3,625.92
TXN_00580,3614142517,2025-05-12,13:13:35,1109,sell,1,122.99
TXN_00581,9192201895,2025-05-12,13:24:20,1102,buy,5,1043.2
TXN_00582,6772985563,2025-05-12,15:25:53,1106,buy,3,1916.82
TXN_00583,9474078998,2025-05-12,16:29:12,1105,buy,3,776.4
TXN_00584,9862896116,2025-05-13,09:44:53,1107,buy,3,1344.96
TXN_00585,3997467631,2025-05-13,10:05:54,1103,buy,4,176.08
TXN_00586,6625608873,2025-05-13,12:52:38,1104,buy,2,321.4
TXN_00587,7713225623,2025-05-13,15:23:58,1105,buy,5,1308.75
TXN_00588,1402944639,2025-05-13,15:26:55,1104,buy,4,642.8
TXN_00589,3997467631,2025-05-13,15:33:26,1103,buy,4,176.08
TXN_00590,5970995017,2025-05-13,16:20:23,1108,sell,1,1138.44
TXN_00591,9354048106,2025-05-13,16:31:20,1107,buy,3,1344.96
TXN_00592,5150695988,2025-05-14,09:53:04,1105,buy,5,1321.85
TXN_00593,3768699384,2025-05-14,10:06:59,1105,buy,1,264.37
TXN_00594,3997467631,2025-05-14,10:28:21,1105,sell,5,1321.85
TXN_00595,9192201895,2025-05-14,12:00:23,1109,buy,2,270.66
TXN_00596,5229455093,2025-05-14,12:04:47,1110,buy,1,347.68
TXN_00597,6625608873,2025-05-14,15:45:02,1108,buy,5,5754.95
TXN_00598,7552075955,2025-05-14,16:03:58,1102,buy,3,630.75
TXN_00599,9192201895,2025-05-15,09:21:14,1107,buy,3,1359.39
TXN_00600,9192201895,2025-05-15,09:25:19,1102,buy,1,205.17
TXN_00601,6625608873,2025-05-15,09:49:59,1107,sell,4,1812.52
TXN_00602,9354048106,2025-05-15,10:27:49,1106,sell,2,1286.76
TXN_00603,5775818865,2025-05-15,12:58:41,1108,buy,2,2355.96
TXN_00604,9354048106,2025-05-15,13:12:39,1103,sell,3,132.36
TXN_00605,7552075955,2025-05-15,13:51:11,1105,buy,5,1331.05
TXN_00606,4313201683,2025-05-15,16:54:22,1104,buy,3,495.6
TXN_00607,5775818865,2025-05-16,10:17:22,1104,sell,3,501.69
TXN_00608,6625608873,2025-05-16,11:04:18,1104,sell,2,334.46
TXN_00609,3997467631,2025-05-16,11:19:11,1101,sell,3,633.06
TXN_00610,9474078998,2025-05-16,11:50:02,1101,buy,4,844.08
TXN_00611,5229455093,2025-05-16,12:49:39,1106,buy,2,1279.7
TXN_00612,9474078998,2025-05-16,13:43:02,1102,buy,4,822.36
TXN_00613,3614142517,2025-05-16,14:06:52,1109,buy,1,135.39
TXN_00614,1402944639,2025-05-16,15:04:30,1106,buy,5,3199.25
TXN_00615,5150695988,2025-05-16,15:22:04,1105,buy,1,266.28
TXN_00616,9803134690,2025-05-16,15:42:40,1104,buy,3,501.69
TXN_00617,6625608873,2025-05-19,09:01:22,1106,sell,4,2559.76
TXN_00618,9474078998,2025-05-19,11:25:10,1110,sell,2,684.18
TXN_00619,9192201895,2025-05-19,12:31:58,1103,sell,3,133.53
TXN_00620,5775818865,2025-05-19,14:34:52,1106,buy,5,3199.7
TXN_00621,9354048106,2025-05-19,14:57:24,1102,buy,2,412.32
TXN_00622,5229455093,2025-05-19,15:12:47,1104,buy,87,14587.29
TXN_00623,6772985563,2025-05-19,15:21:32,1101,buy,5,1042.7
TXN_00624,4313201683,2025-05-19,15:24:11,1102,buy,53,10926.48
TXN_00625,3614142517,2025-05-20,11:06:01,1104,buy,4,660.48
TXN_00626,9192201895,2025-05-20,14:27:33,1104,buy,1,165.12
TXN_00627,7713225623,2025-05-20,14:57:00,1107,sell,1,458.17
TXN_00628,5970995017,2025-05-20,14:59:36,1104,sell,4,660.48
TXN_00629,5775818865,2025-05-20,15:40:39,1101,buy,1,206.63
TXN_00630,3768699384,2025-05-20,16:41:12,1109,buy,1,134.37
TXN_00631,5150695988,2025-05-21,12:34:50,1110,buy,3,1003.86
TXN_00632,5775818865,2025-05-21,13:59:07,1107,buy,3,1357.71
TXN_00633,7713225623,2025-05-21,14:32:28,1104,buy,5,849.3
TXN_00634,7552075955,2025-05-21,15:17:11,1102,sell,3,603.36
TXN_00635,3614142517,2025-05-21,15:22:56,1101,buy,3,605.58
TXN_00636,5775818865,2025-05-21,16:01:24,1105,buy,8,2078.32
TXN_00637,3614142517,2025-05-21,16:11:04,1106,buy,5,3175.05
TXN_00638,9474078998,2025-05-21,16:43:48,1101,buy,4,807.44
TXN_00639,7552075955,2025-05-21,16:58:02,1106,sell,2,1270.02
TXN_00640,9862896116,2025-05-22,11:09:34,1106,buy,4,2544.32
TXN_00641,5775818865,2025-05-22,11:31:47,1103,sell,5,215.3
TXN_00642,3997467631,2025-05-22,15:31:22,1108,sell,2,2375.94
TXN_00643,8093597035,2025-05-22,15:34:49,1107,buy,1,454.86
TXN_00644,5970995017,2025-05-22,16:34:36,1101,buy,3,603.39
TXN_00645,3997467631,2025-05-22,16:45:52,1101,buy,2,402.26
TXN_00646,5229455093,2025-05-23,11:11:12,1101,buy,5,975.25
TXN_00647,4313201683,2025-05-23,11:27:47,1104,sell,5,846.95
TXN_00648,9192201895,2025-05-23,11:32:43,1108,sell,5,5926.95
TXN_00649,7552075955,2025-05-23,13:02:32,1104,buy,26,4404.14
TXN_00650,9803134690,2025-05-23,16:30:34,1103,buy,1,42.95
TXN_00651,9354048106,2025-05-23,16:55:53,1102,buy,4,803.96
TXN_00652,3768699384,2025-05-27,09:31:01,1101,sell,2,399.96
TXN_00653,4313201683,2025-05-27,10:41:21,1103,sell,2,87.92
TXN_00654,9192201895,2025-05-27,10:47:50,1103,sell,4,175.84
TXN_00655,9474078998,2025-05-27,11:03:51,1104,buy,4,695.08
TXN_00656,9354048106,2025-05-27,11:27:42,1108,buy,7,8480.99
TXN_00657,6625608873,2025-05-27,12:52:18,1110,sell,4,1451.56
TXN_00658,9803134690,2025-05-28,09:19:07,1102,buy,2,409.44
TXN_00659,5150695988,2025-05-28,09:54:55,1101,sell,4,800.76
TXN_00660,3997467631,2025-05-28,10:27:10,1109,sell,5,674.0
TXN_00661,9192201895,2025-05-28,10:34:36,1108,sell,2,2417.1
TXN_00662,9803134690,2025-05-28,14:25:50,1109,buy,2,269.6
TXN_00663,6772985563,2025-05-28,14:26:56,1102,sell,1,204.72
TXN_00664,7552075955,2025-05-28,16:11:34,1102,sell,3,614.16
TXN_00665,9862896116,2025-05-29,09:52:57,1107,buy,4,1834.72
TXN_00666,5150695988,2025-05-29,10:08:26,1104,sell,4,691.0
TXN_00667,9192201895,2025-05-29,11:38:05,1110,buy,3,1075.29
TXN_00668,3768699384,2025-05-29,12:08:19,1103,buy,4,175.92
TXN_00669,9474078998,2025-05-29,12:49:01,1107,buy,4,1834.72
TXN_00670,5229455093,2025-05-29,13:00:51,1110,sell,1,358.43
TXN_00671,9803134690,2025-05-29,13:42:54,1101,buy,5,998.6
TXN_00672,4313201683,2025-05-29,14:00:08,1107,buy,3,1376.04
TXN_00673,9803134690,2025-05-29,16:24:46,1108,sell,1,1184.86
TXN_00674,6625608873,2025-05-30,11:44:00,1101,buy,18,3611.16
TXN_00675,7552075955,2025-05-30,12:36:03,1107,buy,3,1381.08
TXN_00676,9474078998,2025-05-30,13:25:26,1108,buy,13,15693.99
TXN_00677,5970995017,2025-05-30,13:42:51,1109,buy,4,540.48
TXN_00678,7713225623,2025-06-02,09:46:59,1102,buy,4,826.6
TXN_00679,1402944639,2025-06-02,10:28:04,1107,buy,3,1385.91
TXN_00680,7713225623,2025-06-02,10:55:54,1101,buy,5,1007.35
TXN_00681,9354048106,2025-06-02,15:15:45,1110,buy,5,1713.45
TXN_00682,3768699384,2025-06-02,16:13:21,1101,buy,1,201.47
TXN_00683,5775818865,2025-06-02,16:43:39,1102,buy,1,206.65
TXN_00684,3614142517,2025-06-03,11:12:27,1102,sell,5,1028.55
TXN_00685,7552075955,2025-06-03,12:49:10,1109,buy,4,564.84
TXN_00686,7713225623,2025-06-03,14:09:32,1107,buy,1,462.97
TXN_00687,9192201895,2025-06-03,14:36:05,1110,buy,10,3442.7
TXN_00688,7552075955,2025-06-03,16:07:15,1106,buy,2,1332.68
TXN_00689,1402944639,2025-06-04,10:35:07,1108,sell,3,3718.98
TXN_00690,7552075955,2025-06-04,11:07:02,1109,buy,3,425.73
TXN_00691,9192201895,2025-06-04,12:25:08,1105,sell,1,262.95
TXN_00692,5150695988,2025-06-04,13:02:29,1107,buy,5,2319.35
TXN_00693,1402944639,2025-06-04,13:09:45,1109,buy,4,567.64
TXN_00694,9192201895,2025-06-04,13:09:56,1104,buy,4,676.76
TXN_00695,3614142517,2025-06-04,13:20:50,1106,buy,1,687.42
TXN_00696,1402944639,2025-06-05,10:57:39,1102,sell,3,623.73
TXN_00697,5229455093,2025-06-05,13:11:47,1102,sell,1,207.91
TXN_00698,5970995017,2025-06-06,09:17:08,1108,buy,1,1241.47
TXN_00699,5970995017,2025-06-06,10:49:44,1109,buy,1,141.71
TXN_00700,9474078998,2025-06-06,10:50:44,1102,sell,4,854.28
TXN_00701,5150695988,2025-06-06,11:19:27,1101,buy,4,814.76
TXN_00702,7713225623,2025-06-09,09:17:41,1109,buy,5,713.1
TXN_00703,7713225623,2025-06-09,11:31:37,1103,sell,5,224.35
TXN_00704,5970995017,2025-06-09,12:39:18,1106,buy,4,2774.12
TXN_00705,3614142517,2025-06-10,09:12:03,1106,buy,23,16142.78
TXN_00706,9354048106,2025-06-10,09:45:06,1104,buy,3,540.03
TXN_00707,3614142517,2025-06-10,11:54:57,1107,buy,1,470.92
TXN_00708,6772985563,2025-06-10,12:21:04,1103,buy,5,225.45
TXN_00709,1926010870,2025-06-10,12:24:23,1107,buy,2,941.84
TXN_00710,6772985563,2025-06-10,12:44:49,1103,buy,1,45.09
TXN_00711,9803134690,2025-06-10,13:16:12,1101,buy,5,1012.2
TXN_00712,9862896116,2025-06-10,13:20:35,1106,buy,1,701.86
TXN_00713,5970995017,2025-06-10,13:22:50,1101,buy,3,607.32
TXN_00714,3614142517,2025-06-10,13:47:35,1104,sell,2,360.02
TXN_00715,7713225623,2025-06-10,14:44:46,1105,buy,4,1069.24
TXN_00716,5775818865,2025-06-10,16:35:56,1101,sell,1,202.44
TXN_00717,5150695988,2025-06-11,09:26:41,1103,sell,1,44.73
TXN_00718,9474078998,2025-06-11,09:50:31,1102,sell,5,1066.0
TXN_00719,3997467631,2025-06-11,11:37:14,1103,buy,5,223.65
TXN_00720,3614142517,2025-06-11,13:03:07,1107,sell,1,472.62
TXN_00721,3614142517,2025-06-11,14:24:56,1106,sell,1,693.61
TXN_00722,9474078998,2025-06-11,14:25:35,1104,sell,4,715.16
TXN_00723,9862896116,2025-06-11,14:36:07,1102,sell,3,639.6
TXN_00724,9862896116,2025-06-11,14:47:22,1103,buy,135,6038.55
TXN_00725,9862896116,2025-06-11,15:30:05,1103,sell,4,178.92
TXN_00726,5970995017,2025-06-11,15:50:32,1109,sell,4,571.32
TXN_00727,5150695988,2025-06-11,16:16:33,1105,sell,5,1334.3
TXN_00728,9354048106,2025-06-11,16:17:48,1102,buy,2,426.4
TXN_00729,6772985563,2025-06-12,09:36:45,1102,sell,5,1066.2
TXN_00730,9192201895,2025-06-12,12:58:51,1110,buy,5,1595.55
TXN_00731,1926010870,2025-06-12,14:05:32,1110,sell,3,957.33
TXN_00732,4313201683,2025-06-12,15:02:34,1104,buy,5,884.85
TXN_00733,7713225623,2025-06-12,15:26:52,1107,buy,1,478.87
TXN_00734,9803134690,2025-06-13,09:54:16,1102,sell,2,424.2
TXN_00735,9192201895,2025-06-13,10:57:58,1101,buy,3,588.69
TXN_00736,5970995017,2025-06-13,11:39:17,1101,sell,3,588.69
TXN_00737,6625608873,2025-06-13,12:51:50,1108,sell,2,2424.3
TXN_00738,9803134690,2025-06-13,13:22:52,1105,buy,2,527.36
TXN_00739,6625608873,2025-06-13,13:23:47,1106,sell,3,2047.02
TXN_00740,7713225623,2025-06-13,14:14:38,1103,buy,1,44.09
TXN_00741,6772985563,2025-06-16,09:20:12,1102,buy,7,1512.7
TXN_00742,7713225623,2025-06-16,09:20:25,1102,sell,4,864.4
TXN_00743,9192201895,2025-06-16,09:54:16,1105,buy,5,1345.3
TXN_00744,7552075955,2025-06-16,10:07:00,1105,sell,3,807.18
TXN_00745,7713225623,2025-06-16,12:16:09,1103,sell,5,222.05
TXN_00746,4313201683,2025-06-16,14:22:09,1101,buy,4,792.8
TXN_00747,9862896116,2025-06-16,14:37:59,1102,sell,2,432.2
TXN_00748,5150695988,2025-06-16,14:45:25,1106,sell,1,702.12
TXN_00749,7713225623,2025-06-16,15:52:05,1108,sell,4,4901.4
TXN_00750,3768699384,2025-06-16,16:08:24,1103,buy,5,222.05
TXN_00751,3997467631,2025-06-17,11:09:20,1109,buy,1,144.12
TXN_00752,9862896116,2025-06-17,12:10:19,1103,sell,3,132.69
TXN_00753,9354048106,2025-06-17,15:36:23,1101,sell,4,781.68
TXN_00754,3997467631,2025-06-17,16:03:22,1101,sell,2,390.84
TXN_00755,9862896116,2025-06-18,12:27:56,1108,sell,5,6111.45
TXN_00756,9354048106,2025-06-18,14:16:23,1101,buy,4,785.44
TXN_00757,4313201683,2025-06-18,14:18:25,1101,buy,1,196.36
TXN_00758,9803134690,2025-06-18,15:14:08,1110,sell,5,1610.25
TXN_00759,3768699384,2025-06-20,10:06:03,1109,buy,4,575.4
TXN_00760,7552075955,2025-06-20,10:40:56,1102,sell,4,838.76
TXN_00761,6772985563,2025-06-20,11:23:38,1107,buy,3,1432.2
TXN_00762,8093597035,2025-06-20,12:26:16,1107,sell,2,954.8
TXN_00763,9192201895,2025-06-20,13:10:16,1108,buy,2,2462.82
TXN_00764,3768699384,2025-06-20,13:37:19,1109,sell,1,143.85
TXN_00765,7713225623,2025-06-20,14:55:04,1105,buy,5,1368.4
TXN_00766,3614142517,2025-06-20,16:25:47,1101,sell,2,401.54
TXN_00767,3768699384,2025-06-20,16:36:09,1106,sell,5,3411.75
TXN_00768,5970995017,2025-06-23,09:04:16,1102,sell,5,1042.35
TXN_00769,5970995017,2025-06-23,10:34:08,1105,sell,1,276.94
TXN_00770,3768699384,2025-06-23,10:37:40,1106,sell,3,2095.59
TXN_00771,7552075955,2025-06-23,10:58:12,1101,sell,4,805.08
TXN_00772,7713225623,2025-06-23,12:00:57,1107,sell,3,1458.0
TXN_00773,3614142517,2025-06-23,14:36:10,1104,buy,2,332.02
TXN_00774,3614142517,2025-06-23,14:37:49,1104,sell,1,166.01
TXN_00775,1926010870,2025-06-24,09:15:00,1103,buy,2,93.32
TXN_00776,3614142517,2025-06-24,10:16:00,1107,buy,1,490.11
TXN_00777,3614142517,2025-06-24,10:30:15,1103,sell,2,93.32
TXN_00778,3614142517,2025-06-24,11:38:49,1105,buy,3,839.73
TXN_00779,6625608873,2025-06-24,15:34:05,1106,buy,5,3561.0
TXN_00780,9474078998,2025-06-24,15:45:43,1108,buy,2,2558.22
TXN_00781,9862896116,2025-06-25,09:56:26,1103,sell,3,140.55
TXN_00782,5775818865,2025-06-25,10:08:20,1110,buy,3,982.65
TXN_00783,1402944639,2025-06-25,10:31:28,1102,sell,2,423.98
TXN_00784,6625608873,2025-06-25,10:42:01,1108,buy,21,26780.25
TXN_00785,6772985563,2025-06-25,11:09:12,1110,buy,3,982.65
TXN_00786,3997467631,2025-06-25,13:39:24,1109,sell,1,154.31
TXN_00787,5970995017,2025-06-25,14:27:12,1107,sell,2,984.54
TXN_00788,5150695988,2025-06-25,15:26:55,1105,buy,3,848.1
TXN_00789,7552075955,2025-06-26,09:14:41,1109,sell,3,465.06
TXN_00790,5229455093,2025-06-26,10:15:21,1105,buy,3,862.11
TXN_00791,1926010870,2025-06-26,10:33:52,1107,sell,2,994.9
TXN_00792,9354048106,2025-06-26,12:48:24,1109,buy,2,310.04
TXN_00793,9192201895,2025-06-26,14:50:20,1110,sell,2,651.56
TXN_00794,9354048106,2025-06-26,15:04:54,1102,buy,1,217.12
TXN_00795,9354048106,2025-06-26,15:22:18,1102,sell,1,217.12
TXN_00796,9862896116,2025-06-26,16:38:38,1106,buy,5,3630.45
TXN_00797,4313201683,2025-06-27,09:01:16,1105,sell,3,857.19
TXN_00798,3614142517,2025-06-27,09:31:17,1106,buy,1,733.63
TXN_00799,9192201895,2025-06-27,10:01:09,1101,sell,1,200.85
TXN_00800,3997467631,2025-06-27,10:55:11,1108,sell,5,6615.6
TXN_00801,1926010870,2025-06-27,11:20:24,1103,sell,4,188.48
TXN_00802,5150695988,2025-06-27,11:27:17,1106,sell,5,3668.15
TXN_00803,1926010870,2025-06-27,11:46:09,1107,sell,1,495.94
TXN_00804,3768699384,2025-06-27,13:25:19,1110,sell,1,323.63
TXN_00805,6772985563,2025-06-27,16:17:24,1106,buy,2,1467.26
TXN_00806,7713225623,2025-06-30,10:21:53,1107,buy,6,2984.46
TXN_00807,1926010870,2025-06-30,11:17:58,1105,sell,1,288.52
TXN_00808,8093597035,2025-06-30,12:09:59,1102,buy,3,658.17
TXN_00809,7552075955,2025-06-30,12:10:05,1110,buy,8,2541.28
TXN_00810,9474078998,2025-06-30,13:27:59,1105,sell,1,288.52
TXN_00811,5150695988,2025-06-30,14:50:57,1109,sell,2,315.98
TXN_00812,5970995017,2025-06-30,15:28:32,1101,buy,3,614.82
TXN_00813,5229455093,2025-07-01,09:15:28,1110,buy,10,3007.1
TXN_00814,3614142517,2025-07-01,11:11:15,1108,sell,4,5174.4
TXN_00815,6772985563,2025-07-01,12:33:17,1104,buy,1,176.91
TXN_00816,7713225623,2025-07-01,12:51:20,1109,buy,3,459.9
TXN_00817,3614142517,2025-07-01,13:02:40,1110,sell,4,1202.84
TXN_00818,6772985563,2025-07-01,13:53:46,1108,sell,5,6468.0
TXN_00819,6625608873,2025-07-01,14:07:18,1103,buy,2,96.3
TXN_00820,9192201895,2025-07-01,14:22:17,1110,sell,3,902.13
TXN_00821,7713225623,2025-07-01,15:38:34,1106,sell,4,2876.88
TXN_00822,7552075955,2025-07-01,15:45:00,1108,buy,3,3880.8
TXN_00823,6772985563,2025-07-01,16:32:38,1109,buy,3,459.9
TXN_00824,3997467631,2025-07-01,16:35:38,1102,buy,2,440.92
TXN_00825,9474078998,2025-07-02,10:16:06,1107,buy,4,1964.36
TXN_00826,9474078998,2025-07-02,12:36:26,1103,buy,5,243.55
TXN_00827,6625608873,2025-07-02,13:46:45,1110,buy,2,631.3
TXN_00828,9474078998,2025-07-02,14:54:31,1105,buy,1,290.6
TXN_00829,5150695988,2025-07-02,15:00:11,1110,buy,42,13257.3
TXN_00830,3614142517,2025-07-02,15:37:47,1108,buy,4,5139.44
TXN_00831,9474078998,2025-07-03,12:12:52,1110,sell,4,1261.4
TXN_00832,7713225623,2025-07-03,12:38:42,1108,sell,5,6485.9
TXN_00833,6625608873,2025-07-03,13:35:11,1110,buy,4,1261.4
TXN_00834,9862896116,2025-07-03,13:47:10,1109,buy,1,159.34
TXN_00835,6625608873,2025-07-03,15:00:24,1104,sell,5,902.75
TXN_00836,9803134690,2025-07-03,15:11:43,1104,sell,5,902.75
TXN_00837,9803134690,2025-07-03,15:34:38,1105,buy,2,592.0
TXN_00838,7713225623,2025-07-03,16:42:52,1105,buy,1,296.0
TXN_00839,4313201683,2025-07-07,09:12:42,1104,buy,2,355.12
TXN_00840,3614142517,2025-07-07,09:44:44,1102,buy,5,1117.35
TXN_00841,5775818865,2025-07-07,09:58:02,1109,sell,2,316.48
TXN_00842,6625608873,2025-07-07,10:15:10,1110,buy,2,587.88
TXN_00843,9862896116,2025-07-07,11:35:49,1107,sell,3,1493.16
TXN_00844,5229455093,2025-07-07,12:45:48,1107,sell,2,995.44
TXN_00845,7552075955,2025-07-07,13:31:27,1107,sell,3,1493.16
TXN_00846,9192201895,2025-07-07,14:04:48,1102,buy,5,1117.35
TXN_00847,5970995017,2025-07-07,15:20:41,1103,sell,2,97.32
TXN_00848,3997467631,2025-07-07,16:37:23,1103,sell,4,194.64
TXN_00849,5970995017,2025-07-08,10:05:19,1107,buy,9,4469.58
TXN_00850,7552075955,2025-07-08,11:41:33,1102,buy,4,877.44
TXN_00851,9862896116,2025-07-08,12:36:33,1107,buy,4,1986.48
TXN_00852,4313201683,2025-07-08,13:34:09,1101,sell,4,839.08
TXN_00853,3614142517,2025-07-08,14:25:43,1110,sell,5,1489.05
TXN_00854,9862896116,2025-07-08,14:30:47,1102,sell,5,1096.8
TXN_00855,3997467631,2025-07-08,15:31:32,1101,buy,2,419.54
TXN_00856,4313201683,2025-07-08,16:57:32,1101,buy,2,419.54
TXN_00857,5970995017,2025-07-09,09:23:00,1107,sell,5,2517.55
TXN_00858,5970995017,2025-07-09,13:04:50,1109,sell,2,325.76
TXN_00859,5229455093,2025-07-09,14:33:32,1107,buy,2,1007.02
TXN_00860,6772985563,2025-07-09,15:26:04,1104,buy,2,355.32
TXN_00861,7713225623,2025-07-10,09:14:07,1110,sell,5,1549.35
TXN_00862,3997467631,2025-07-10,10:01:53,1106,sell,1,727.24
TXN_00863,9354048106,2025-07-10,11:06:10,1109,sell,2,328.2
TXN_00864,9862896116,2025-07-10,15:51:29,1103,buy,2,93.94
TXN_00865,3997467631,2025-07-10,15:52:00,1104,buy,4,714.8
TXN_00866,3997467631,2025-07-10,16:42:43,1110,buy,5,1549.35
TXN_00867,7552075955,2025-07-11,10:34:52,1102,sell,5,1125.1
TXN_00868,3768699384,2025-07-11,11:43:51,1106,buy,5,3587.55
TXN_00869,4313201683,2025-07-11,12:54:32,1108,sell,4,4980.44
TXN_00870,3614142517,2025-07-11,14:05:09,1104,buy,1,181.31
TXN_00871,9862896116,2025-07-11,14:09:55,1103,buy,2,93.46
TXN_00872,6625608873,2025-07-14,14:43:28,1106,buy,2,1441.84
TXN_00873,9803134690,2025-07-14,16:06:55,1103,sell,1,47.07
TXN_00874,9803134690,2025-07-14,16:50:22,1101,sell,5,1041.9
TXN_00875,9862896116,2025-07-15,10:37:24,1102,buy,3,679.05
TXN_00876,9474078998,2025-07-15,12:30:16,1108,sell,5,6301.35
TXN_00877,3614142517,2025-07-15,12:39:39,1106,sell,5,3551.95
TXN_00878,9862896116,2025-07-15,12:49:34,1110,buy,5,1553.9
TXN_00879,5150695988,2025-07-15,13:59:51,1105,sell,3,859.65
TXN_00880,5150695988,2025-07-15,14:05:52,1102,buy,65,14712.75
TXN_00881,1926010870,2025-07-15,14:30:28,1101,buy,1,208.87
TXN_00882,9354048106,2025-07-15,14:57:09,1103,buy,3,138.45
TXN_00883,5970995017,2025-07-15,15:30:40,1107,buy,4,2023.28
TXN_00884,4313201683,2025-07-15,15:40:10,1105,buy,3,859.65
TXN_00885,1402944639,2025-07-15,15:41:08,1107,buy,4,2023.28
TXN_00886,5150695988,2025-07-16,11:23:01,1103,sell,5,230.15
TXN_00887,6772985563,2025-07-16,14:07:00,1102,sell,4,892.76
TXN_00888,5229455093,2025-07-16,15:38:39,1104,buy,2,367.54
TXN_00889,7713225623,2025-07-17,10:19:56,1101,buy,2,419.56
TXN_00890,1402944639,2025-07-17,10:41:58,1105,sell,3,869.7
TXN_00891,7552075955,2025-07-17,14:40:16,1105,buy,3,869.7
TXN_00892,9474078998,2025-07-17,15:14:30,1102,sell,3,671.64
TXN_00893,5970995017,2025-07-17,15:33:31,1107,buy,5,2558.5
TXN_00894,7713225623,2025-07-17,16:46:53,1103,buy,2,94.04
TXN_00895,5150695988,2025-07-18,09:58:01,1108,sell,3,3627.72
TXN_00896,6625608873,2025-07-18,10:15:10,1109,sell,2,344.82
TXN_00897,7713225623,2025-07-18,10:54:29,1103,sell,1,47.32
TXN_00898,7552075955,2025-07-21,09:12:41,1106,sell,3,2138.91
TXN_00899,7713225623,2025-07-21,12:06:51,1102,sell,3,687.9
TXN_00900,3768699384,2025-07-22,10:45:54,1109,buy,2,334.06
TXN_00901,5775818865,2025-07-22,12:01:25,1102,sell,3,682.41
TXN_00902,9474078998,2025-07-22,13:06:34,1108,buy,4,4760.32
TXN_00903,3768699384,2025-07-22,13:12:11,1106,buy,4,2819.24
TXN_00904,5970995017,2025-07-22,13:46:09,1103,sell,4,191.08
TXN_00905,1926010870,2025-07-22,14:22:51,1109,buy,1,167.03
TXN_00906,5150695988,2025-07-22,16:18:43,1105,buy,5,1457.15
TXN_00907,1926010870,2025-07-23,10:52:54,1102,buy,1,228.29
TXN_00908,1926010870,2025-07-23,11:25:26,1105,sell,2,593.52
TXN_00909,9862896116,2025-07-23,14:23:21,1105,buy,5,1483.8
TXN_00910,1402944639,2025-07-23,15:40:04,1104,buy,1,191.51
TXN_00911,4313201683,2025-07-23,16:40:28,1101,sell,1,213.91
TXN_00912,5775818865,2025-07-24,11:42:27,1109,buy,2,347.48
TXN_00913,7552075955,2025-07-24,11:44:27,1110,buy,2,610.6
TXN_00914,3768699384,2025-07-24,11:52:11,1103,sell,3,145.17
TXN_00915,9862896116,2025-07-24,13:23:40,1103,sell,1,48.39
TXN_00916,8093597035,2025-07-24,13:50:40,1108,sell,2,2361.52
TXN_00917,9354048106,2025-07-24,14:09:05,1106,sell,5,3574.0
TXN_00918,5775818865,2025-07-24,15:28:41,1109,buy,5,868.7
TXN_00919,5970995017,2025-07-24,16:46:27,1104,sell,3,579.6
TXN_00920,5970995017,2025-07-24,16:58:11,1108,buy,1,1180.76
TXN_00921,4313201683,2025-07-25,10:38:41,1106,buy,4,2850.72
TXN_00922,3997467631,2025-07-25,11:50:40,1109,buy,5,867.5
TXN_00923,5970995017,2025-07-25,13:15:03,1108,buy,1,1180.49
TXN_00924,6772985563,2025-07-25,14:25:59,1106,sell,3,2138.04
TXN_00925,6625608873,2025-07-25,15:29:39,1103,sell,4,193.8
TXN_00926,5150695988,2025-07-28,09:27:09,1103,sell,2,96.46
TXN_00927,9803134690,2025-07-28,11:42:33,1109,sell,2,353.5
TXN_00928,9474078998,2025-07-28,13:32:33,1103,sell,1,48.23
TXN_00929,3768699384,2025-07-28,13:33:50,1105,buy,19,5667.32
TXN_00930,9192201895,2025-07-28,16:04:27,1105,sell,2,596.56
TXN_00931,7552075955,2025-07-28,16:44:08,1106,buy,5,3588.15
TXN_00932,6772985563,2025-07-29,09:39:25,1101,buy,9,1899.27
TXN_00933,5229455093,2025-07-29,09:52:16,1104,buy,5,982.15
TXN_00934,6772985563,2025-07-29,11:55:12,1110,buy,3,963.6
TXN_00935,6772985563,2025-07-29,12:49:51,1101,sell,5,1055.15
TXN_00936,4313201683,2025-07-29,13:14:38,1101,buy,1,211.03
TXN_00937,3768699384,2025-07-29,13:31:55,1109,buy,1,175.51
TXN_00938,9354048106,2025-07-29,13:59:35,1109,sell,2,351.02
TXN_00939,8093597035,2025-07-29,15:04:55,1102,buy,28,6468.28
TXN_00940,3614142517,2025-07-29,15:06:30,1102,buy,2,462.02
TXN_00941,9862896116,2025-07-30,09:06:12,1110,sell,5,1595.2
TXN_00942,5970995017,2025-07-30,09:33:14,1104,sell,1,197.44
TXN_00943,9192201895,2025-07-30,10:06:14,1101,buy,1,208.81
TXN_00944,7713225623,2025-07-30,11:20:44,1103,buy,6,287.76
TXN_00945,9474078998,2025-07-30,11:40:44,1110,sell,5,1595.2
TXN_00946,5970995017,2025-07-30,13:04:01,1105,buy,5,1498.15
TXN_00947,5970995017,2025-07-30,13:54:50,1102,buy,2,460.38
TXN_00948,7713225623,2025-07-30,16:20:28,1107,buy,1,513.24
TXN_00949,9474078998,2025-07-31,10:25:13,1109,buy,4,711.48
TXN_00950,7552075955,2025-07-31,10:27:22,1106,sell,2,1546.88
TXN_00951,3768699384,2025-07-31,11:53:49,1106,sell,4,3093.76
TXN_00952,9862896116,2025-07-31,13:12:02,1102,buy,2,468.22
TXN_00953,9862896116,2025-07-31,13:53:08,1104,buy,5,964.3
TXN_00954,9862896116,2025-07-31,14:00:16,1106,sell,4,3093.76
TXN_00955,9192201895,2025-07-31,15:05:55,1103,buy,2,94.54
TXN_00956,3768699384,2025-07-31,15:06:14,1103,sell,5,236.35
TXN_00957,7552075955,2025-07-31,16:32:03,1102,buy,5,1170.55
TXN_00958,5150695988,2025-08-01,13:08:16,1106,buy,2,1500.02
TXN_00959,3997467631,2025-08-01,13:46:32,1109,buy,317,55069.24
TXN_00960,3614142517,2025-08-01,14:10:46,1101,buy,3,606.45
TXN_00961,1926010870,2025-08-01,14:33:28,1107,buy,5,2620.55
TXN_00962,5150695988,2025-08-01,15:43:35,1105,sell,1,289.37
TXN_00963,3768699384,2025-08-04,09:41:56,1108,buy,2,2341.98
TXN_00964,3768699384,2025-08-04,13:21:24,1109,buy,1,180.0
TXN_00965,4313201683,2025-08-04,14:21:08,1101,sell,1,203.12
TXN_00966,5150695988,2025-08-05,09:55:40,1103,buy,34,1549.04
TXN_00967,3768699384,2025-08-05,11:18:19,1109,sell,1,178.26
TXN_00968,3997467631,2025-08-05,12:04:40,1103,sell,4,182.24
TXN_00969,7552075955,2025-08-05,12:19:30,1108,buy,2,2295.74
TXN_00970,9862896116,2025-08-05,12:52:32,1101,sell,1,202.69
TXN_00971,9354048106,2025-08-05,13:33:55,1102,sell,4,855.0
TXN_00972,7713225623,2025-08-05,13:56:52,1108,buy,4,4591.48
TXN_00973,9354048106,2025-08-05,15:36:20,1108,buy,3,3443.61
TXN_00974,5970995017,2025-08-05,16:32:01,1102,buy,2,427.5
TXN_00975,4313201683,2025-08-06,10:24:13,1105,sell,1,291.35
TXN_00976,5970995017,2025-08-06,12:29:57,1107,buy,1,524.94
TXN_00977,5970995017,2025-08-06,13:40:50,1104,sell,3,590.76
TXN_00978,9803134690,2025-08-06,14:05:53,1103,sell,1,45.42
TXN_00979,1402944639,2025-08-06,15:59:36,1108,buy,2,2356.96
TXN_00980,1926010870,2025-08-07,09:00:37,1103,sell,3,134.76
TXN_00981,1402944639,2025-08-07,09:17:16,1101,buy,5,1098.9
TXN_00982,5970995017,2025-08-07,13:25:04,1102,sell,2,446.26
TXN_00983,8093597035,2025-08-07,15:45:46,1108,buy,2,2360.74
TXN_00984,8093597035,2025-08-07,15:53:30,1107,buy,3,1562.52
TXN_00985,5150695988,2025-08-07,16:29:06,1106,sell,2,1523.66
TXN_00986,9354048106,2025-08-08,10:10:49,1101,buy,49,11225.41
TXN_00987,9192201895,2025-08-08,10:37:29,1102,sell,5,1113.45
TXN_00988,9192201895,2025-08-08,11:47:48,1110,buy,3,988.95
TXN_00989,7552075955,2025-08-08,13:17:35,1108,sell,3,3634.92
TXN_00990,9474078998,2025-08-11,12:36:46,1105,sell,3,868.68
TXN_00991,5150695988,2025-08-11,15:42:22,1104,buy,4,806.52
TXN_00992,9862896116,2025-08-12,10:47:53,1104,buy,1,204.16
TXN_00993,1926010870,2025-08-12,11:56:10,1109,buy,10,1831.6
TXN_00994,1926010870,2025-08-12,12:10:58,1104,buy,5,1020.8
TXN_00995,3614142517,2025-08-12,13:16:57,1104,sell,3,612.48
TXN_00996,1926010870,2025-08-12,14:50:19,1107,sell,5,2646.2
TXN_00997,8093597035,2025-08-12,16:04:14,1107,sell,1,529.24
TXN_00998,5970995017,2025-08-12,16:39:17,1108,sell,1,1225.28
TXN_00999,3614142517,2025-08-13,12:34:50,1108,buy,2,2408.88
TXN_01000,6625608873,2025-08-13,14:55:45,1106,buy,2,1560.16
