transaction_id,user_id,date,time,ticker,transaction_type,quantity,amount
TXN_00001,5150695988,2025-01-01,09:11:38,TSLA,sell,1,281.95
TXN_00002,6625608873,2025-01-01,09:33:13,JPM,sell,2,479.84
TXN_00003,9354048106,2025-01-01,09:47:28,TSLA,sell,1,300.71
TXN_00004,5229455093,2025-01-01,11:31:05,BAC,buy,13,501.28
TXN_00005,4313201683,2025-01-01,14:46:43,NFLX,sell,1,865.59
TXN_00006,9862896116,2025-01-01,15:04:08,GOOG,sell,2,288.92
TXN_00007,7552075955,2025-01-02,10:23:05,AAPL,buy,22,4647.72
TXN_00008,8093597035,2025-01-02,12:48:03,MSFT,buy,22,9300.06
TXN_00009,5229455093,2025-01-02,16:06:11,JPM,sell,2,352.58
TXN_00010,5150695988,2025-01-03,10:38:47,TSLA,buy,1,360.56
TXN_00011,9862896116,2025-01-03,10:39:49,GOOG,buy,2,328.96
TXN_00012,9862896116,2025-01-04,13:25:02,AMZN,sell,2,447.76
TXN_00013,9474078998,2025-01-04,13:42:36,MSFT,buy,2,889.92
TXN_00014,5775818865,2025-01-04,14:58:17,MSFT,sell,1,381.49
TXN_00015,6625608873,2025-01-04,15:32:16,META,buy,2,931.44
TXN_00016,1926010870,2025-01-05,09:05:33,GOOG,sell,2,307.44
TXN_00017,9803134690,2025-01-05,10:31:04,AMZN,buy,27,6376.59
TXN_00018,5775818865,2025-01-05,10:44:18,MSFT,buy,1,417.69
TXN_00019,8093597035,2025-01-05,16:30:08,AMZN,sell,3,547.5
TXN_00020,5970995017,2025-01-06,12:40:29,META,sell,1,571.77
TXN_00021,8093597035,2025-01-06,13:58:26,NFLX,sell,3,1945.56
TXN_00022,9862896116,2025-01-06,14:35:14,AMZN,sell,3,579.75
TXN_00023,1926010870,2025-01-06,15:01:52,GOOG,buy,2,298.92
TXN_00024,7552075955,2025-01-07,09:19:09,BAC,sell,5,194.0
TXN_00025,3997467631,2025-01-07,09:32:47,JPM,buy,14,2611.0
TXN_00026,7713225623,2025-01-07,10:56:16,MSFT,sell,1,435.71
TXN_00027,1402944639,2025-01-07,10:56:27,AAPL,buy,20,4937.8
TXN_00028,5775818865,2025-01-07,15:07:40,MSFT,sell,1,395.4
TXN_00029,6772985563,2025-01-08,09:21:40,META,buy,3,1445.91
TXN_00030,7713225623,2025-01-08,11:17:46,TSLA,sell,2,632.12
TXN_00031,8093597035,2025-01-08,16:19:21,NFLX,buy,3,1885.05
TXN_00032,9862896116,2025-01-09,09:39:40,AMZN,buy,3,572.49
TXN_00033,5229455093,2025-01-09,10:06:05,JPM,buy,2,372.6
TXN_00034,1402944639,2025-01-09,12:40:41,AAPL,sell,4,699.28
TXN_00035,9354048106,2025-01-09,15:35:42,TSLA,buy,1,171.32
TXN_00036,5150695988,2025-01-09,16:09:22,JPM,sell,5,1037.8
TXN_00037,6772985563,2025-01-09,16:15:54,NFLX,sell,2,1920.58
TXN_00038,7713225623,2025-01-10,11:29:28,MSFT,buy,1,409.86
TXN_00039,9803134690,2025-01-10,11:55:39,AMZN,sell,3,661.56
TXN_00040,1926010870,2025-01-10,14:47:35,META,sell,4,2516.64
TXN_00041,5150695988,2025-01-10,14:51:29,JPM,buy,5,1079.15
TXN_00042,9354048106,2025-01-11,10:24:50,TSLA,buy,37,11599.87
TXN_00043,6625608873,2025-01-11,10:25:13,JPM,buy,2,409.3
TXN_00044,9862896116,2025-01-11,10:35:10,AMZN,buy,2,310.68
TXN_00045,5775818865,2025-01-11,12:20:29,JPM,sell,5,940.4
TXN_00046,8093597035,2025-01-11,13:06:49,MSFT,sell,2,814.12
TXN_00047,5150695988,2025-01-11,13:32:33,BAC,sell,4,184.64
TXN_00048,4313201683,2025-01-11,16:16:47,NFLX,buy,1,669.02
TXN_00049,7713225623,2025-01-12,09:39:43,JPM,buy,11,2061.4
TXN_00050,5970995017,2025-01-12,11:47:29,META,sell,5,3867.2
TXN_00051,5775818865,2025-01-12,16:57:45,MSFT,buy,1,413.64
TXN_00052,8093597035,2025-01-13,09:13:45,AMZN,buy,3,573.3
TXN_00053,6625608873,2025-01-13,09:33:14,AAPL,buy,11,2478.52
TXN_00054,7713225623,2025-01-13,10:43:00,AAPL,sell,1,181.02
TXN_00055,1402944639,2025-01-13,11:06:10,AAPL,sell,5,990.25
TXN_00056,6625608873,2025-01-13,11:27:27,TSLA,sell,2,441.4
TXN_00057,7552075955,2025-01-13,13:15:45,AAPL,sell,5,931.75
TXN_00058,9803134690,2025-01-13,13:26:40,AMZN,buy,3,668.07
TXN_00059,6772985563,2025-01-13,15:02:48,NFLX,buy,2,1238.68
TXN_00060,1402944639,2025-01-13,15:21:02,AAPL,buy,6,1170.3
TXN_00061,7552075955,2025-01-13,15:33:35,AAPL,buy,5,950.9
TXN_00062,4313201683,2025-01-13,16:40:13,AAPL,buy,91,22228.57
TXN_00063,8093597035,2025-01-14,09:03:44,AMZN,sell,1,209.69
TXN_00064,6772985563,2025-01-14,09:50:17,NFLX,buy,8,7765.2
TXN_00065,5775818865,2025-01-14,10:24:54,JPM,buy,5,939.0
TXN_00066,8093597035,2025-01-15,09:48:43,MSFT,buy,12,4677.24
TXN_00067,1402944639,2025-01-15,11:56:50,AAPL,buy,4,916.36
TXN_00068,3614142517,2025-01-15,13:16:19,BAC,buy,48,1647.84
TXN_00069,7552075955,2025-01-15,14:15:04,TSLA,sell,2,482.74
TXN_00070,3614142517,2025-01-15,14:30:37,GOOG,buy,38,5371.68
TXN_00071,5775818865,2025-01-15,15:38:40,JPM,buy,11,2283.16
TXN_00072,8093597035,2025-01-16,11:07:08,MSFT,buy,2,849.36
TXN_00073,7552075955,2025-01-17,11:07:33,BAC,buy,5,183.5
TXN_00074,3768699384,2025-01-17,12:08:19,AAPL,sell,4,866.08
TXN_00075,8093597035,2025-01-18,14:33:25,NFLX,sell,2,940.52
TXN_00076,3614142517,2025-01-19,09:22:29,BAC,sell,3,124.68
TXN_00077,6772985563,2025-01-19,10:52:41,TSLA,buy,5,1423.25
TXN_00078,5970995017,2025-01-19,11:06:28,META,buy,5,2878.7
TXN_00079,8093597035,2025-01-19,15:42:38,AMZN,buy,1,206.84
TXN_00080,1926010870,2025-01-19,15:52:30,META,sell,2,879.48
TXN_00081,5150695988,2025-01-20,10:31:19,BAC,buy,4,136.72
TXN_00082,9354048106,2025-01-20,11:41:08,TSLA,sell,5,1049.3
TXN_00083,7713225623,2025-01-20,11:41:38,TSLA,buy,2,347.6
TXN_00084,7713225623,2025-01-20,12:10:28,TSLA,buy,2,660.48
TXN_00085,5970995017,2025-01-20,14:14:53,META,buy,1,459.7
TXN_00086,9803134690,2025-01-20,14:56:03,AMZN,buy,25,5484.0
TXN_00087,1402944639,2025-01-20,16:03:27,AAPL,sell,1,164.66
TXN_00088,7552075955,2025-01-21,09:47:29,TSLA,buy,2,461.16
TXN_00089,4313201683,2025-01-21,15:45:24,AAPL,sell,5,1059.9
TXN_00090,7552075955,2025-01-22,11:45:17,TSLA,sell,3,627.42
TXN_00091,9192201895,2025-01-22,12:31:01,NFLX,buy,2,2380.16
TXN_00092,3997467631,2025-01-22,12:43:41,JPM,buy,6,1159.98
TXN_00093,1402944639,2025-01-22,13:12:22,AAPL,buy,1,213.31
TXN_00094,5970995017,2025-01-22,13:54:12,META,sell,5,2605.6
TXN_00095,1926010870,2025-01-22,14:08:50,TSLA,sell,1,278.39
TXN_00096,1926010870,2025-01-22,14:41:57,META,buy,4,1935.96
TXN_00097,1402944639,2025-01-23,11:24:18,AAPL,buy,5,913.5
TXN_00098,7552075955,2025-01-23,15:42:46,JPM,buy,6,1179.48
TXN_00099,5970995017,2025-01-24,10:55:19,META,buy,5,2587.7
TXN_00100,7713225623,2025-01-24,11:30:23,AAPL,buy,59,12323.33
TXN_00101,1926010870,2025-01-24,13:01:16,TSLA,buy,1,398.09
TXN_00102,7713225623,2025-01-24,13:07:39,AAPL,sell,2,458.34
TXN_00103,5970995017,2025-01-24,13:40:16,META,sell,1,575.37
TXN_00104,6625608873,2025-01-24,14:54:08,TSLA,buy,2,322.96
TXN_00105,3768699384,2025-01-24,15:47:52,AAPL,buy,4,674.0
TXN_00106,7713225623,2025-01-24,16:17:32,AAPL,buy,1,232.45
TXN_00107,5775818865,2025-01-24,16:34:43,JPM,sell,2,385.3
TXN_00108,3614142517,2025-01-25,11:06:23,BAC,buy,3,133.29
TXN_00109,1402944639,2025-01-25,11:51:56,BAC,sell,4,154.2
TXN_00110,9354048106,2025-01-25,12:57:19,META,buy,39,27191.97
TXN_00111,9862896116,2025-01-25,13:08:56,GOOG,buy,31,4805.0
TXN_00112,7552075955,2025-01-25,13:21:31,AAPL,sell,5,839.55
TXN_00113,1926010870,2025-01-26,13:41:51,META,buy,2,1180.48
TXN_00114,8093597035,2025-01-26,16:16:53,AMZN,sell,5,859.8
TXN_00115,6625608873,2025-01-27,09:18:33,JPM,sell,1,259.98
TXN_00116,6772985563,2025-01-27,10:20:23,META,sell,1,489.67
TXN_00117,4313201683,2025-01-27,10:51:38,NFLX,sell,2,1372.24
TXN_00118,7552075955,2025-01-27,13:18:45,TSLA,buy,3,511.98
TXN_00119,4313201683,2025-01-27,14:13:24,AAPL,buy,5,1061.0
TXN_00120,9354048106,2025-01-28,13:10:18,TSLA,sell,1,236.26
TXN_00121,7713225623,2025-01-29,11:08:18,TSLA,sell,2,379.12
TXN_00122,9192201895,2025-01-29,13:12:25,META,sell,2,1427.14
TXN_00123,8093597035,2025-01-29,14:15:47,NFLX,buy,2,1245.66
TXN_00124,7713225623,2025-01-29,15:36:54,AAPL,buy,2,336.34
TXN_00125,7713225623,2025-01-30,09:50:06,JPM,buy,2,482.24
TXN_00126,6772985563,2025-01-30,13:16:44,META,buy,1,487.25
TXN_00127,6772985563,2025-01-30,13:37:02,BAC,sell,1,34.36
TXN_00128,4313201683,2025-01-30,14:13:18,TSLA,buy,4,694.96
TXN_00129,4313201683,2025-01-30,14:50:17,NFLX,buy,2,2423.28
TXN_00130,9474078998,2025-01-31,10:57:33,NVDA,buy,155,18300.85
TXN_00131,9354048106,2025-01-31,11:48:48,TSLA,buy,1,344.27
TXN_00132,4313201683,2025-01-31,14:39:58,NFLX,sell,2,1518.88
TXN_00133,5970995017,2025-02-01,09:37:50,META,buy,1,504.51
TXN_00134,5229455093,2025-02-01,10:06:19,AMZN,sell,4,712.6
TXN_00135,7552075955,2025-02-01,12:26:52,AAPL,sell,2,427.28
TXN_00136,9354048106,2025-02-01,15:14:57,TSLA,buy,5,1945.5
TXN_00137,7552075955,2025-02-02,10:25:23,AAPL,buy,5,916.25
TXN_00138,9354048106,2025-02-02,12:44:15,TSLA,sell,1,389.1
TXN_00139,3768699384,2025-02-02,13:10:49,AAPL,sell,5,1082.25
TXN_00140,1402944639,2025-02-02,16:52:12,GOOG,sell,5,830.4
TXN_00141,6625608873,2025-02-02,16:52:31,JPM,buy,1,288.76
TXN_00142,5150695988,2025-02-03,10:14:49,BAC,sell,4,180.92
TXN_00143,5775818865,2025-02-03,14:55:07,JPM,buy,2,515.56
TXN_00144,7552075955,2025-02-03,15:45:00,MSFT,sell,4,1751.72
TXN_00145,1926010870,2025-02-04,09:17:01,GOOG,buy,5,777.05
TXN_00146,9803134690,2025-02-04,10:55:12,TSLA,sell,1,233.94
TXN_00147,1926010870,2025-02-04,12:45:25,GOOG,sell,5,955.2
TXN_00148,6772985563,2025-02-04,14:43:59,TSLA,sell,4,890.88
TXN_00149,7552075955,2025-02-05,09:07:14,AAPL,sell,5,898.3
TXN_00150,9354048106,2025-02-05,13:09:13,META,sell,2,963.94
TXN_00151,9192201895,2025-02-06,10:45:53,NFLX,buy,5,6395.55
TXN_00152,8093597035,2025-02-06,12:46:53,AMZN,buy,5,1170.55
TXN_00153,3614142517,2025-02-06,13:08:30,BAC,buy,2,91.94
TXN_00154,3614142517,2025-02-06,13:25:57,BAC,sell,2,96.28
TXN_00155,1926010870,2025-02-06,15:22:43,META,sell,4,2701.48
TXN_00156,6772985563,2025-02-07,15:27:10,TSLA,buy,4,776.2
TXN_00157,6625608873,2025-02-07,15:28:33,MSFT,buy,3,1381.08
TXN_00158,9803134690,2025-02-08,12:29:21,AMZN,buy,7,1186.57
TXN_00159,9354048106,2025-02-08,13:15:00,TSLA,buy,1,215.99
TXN_00160,1402944639,2025-02-08,15:26:29,BAC,buy,4,184.4
TXN_00161,9192201895,2025-02-08,16:07:56,META,buy,2,1062.42
TXN_00162,9803134690,2025-02-09,12:18:33,TSLA,buy,1,267.28
TXN_00163,8093597035,2025-02-09,14:14:31,AMZN,sell,4,716.0
TXN_00164,9354048106,2025-02-09,14:31:56,META,buy,2,1560.16
TXN_00165,5150695988,2025-02-10,10:51:59,TSLA,buy,13,2339.87
TXN_00166,7552075955,2025-02-10,12:06:33,AAPL,buy,2,421.8
TXN_00167,4313201683,2025-02-10,13:17:28,NFLX,buy,2,1129.28
TXN_00168,7552075955,2025-02-10,14:48:15,TSLA,buy,1,252.35
TXN_00169,5229455093,2025-02-10,16:13:51,META,buy,2,1166.96
TXN_00170,1402944639,2025-02-12,11:37:09,GOOG,buy,5,899.3
TXN_00171,5150695988,2025-02-12,12:03:37,BAC,buy,4,162.68
TXN_00172,7713225623,2025-02-12,15:38:41,TSLA,buy,2,581.6
TXN_00173,6772985563,2025-02-13,09:39:45,BAC,buy,1,41.85
TXN_00174,5970995017,2025-02-13,16:59:40,AAPL,sell,5,1037.9
TXN_00175,3768699384,2025-02-14,09:43:24,AAPL,buy,5,1065.05
TXN_00176,5229455093,2025-02-14,10:07:27,AMZN,sell,4,687.84
TXN_00177,6772985563,2025-02-14,13:17:46,NFLX,sell,2,1762.1
TXN_00178,7552075955,2025-02-14,14:16:15,AAPL,buy,5,1060.4
TXN_00179,6772985563,2025-02-15,09:13:22,MSFT,sell,5,2562.85
TXN_00180,3997467631,2025-02-15,10:04:03,JPM,buy,4,1025.36
TXN_00181,7713225623,2025-02-15,14:16:41,AMZN,buy,57,10078.74
TXN_00182,5229455093,2025-02-15,15:15:16,AMZN,buy,4,773.0
TXN_00183,6625608873,2025-02-15,15:17:33,META,buy,2,972.94
TXN_00184,9474078998,2025-02-16,10:47:20,NVDA,sell,2,245.26
TXN_00185,5229455093,2025-02-16,12:05:54,AMZN,sell,2,356.6
TXN_00186,3614142517,2025-02-16,12:24:19,JPM,buy,3,602.16
TXN_00187,9803134690,2025-02-16,14:19:50,TSLA,buy,86,34485.14
TXN_00188,7713225623,2025-02-16,14:32:34,MSFT,sell,1,413.34
TXN_00189,6772985563,2025-02-16,15:18:01,MSFT,buy,5,1961.8
TXN_00190,7552075955,2025-02-16,15:19:38,MSFT,buy,4,1819.44
TXN_00191,1402944639,2025-02-16,16:33:17,BAC,sell,1,39.56
TXN_00192,3997467631,2025-02-16,16:38:04,MSFT,buy,3,1215.36
TXN_00193,6625608873,2025-02-17,09:50:23,AAPL,sell,1,221.85
TXN_00194,3768699384,2025-02-17,11:18:48,AAPL,buy,9,1783.8
TXN_00195,6772985563,2025-02-18,13:19:26,NFLX,buy,2,1296.04
TXN_00196,9474078998,2025-02-18,16:21:03,NVDA,buy,2,225.34
TXN_00197,1926010870,2025-02-18,16:26:45,GOOG,sell,4,679.44
TXN_00198,5229455093,2025-02-19,09:09:55,BAC,buy,52,2003.04
TXN_00199,5150695988,2025-02-19,09:50:55,TSLA,sell,4,908.88
TXN_00200,5970995017,2025-02-19,13:20:19,AAPL,buy,5,1256.55
TXN_00201,1926010870,2025-02-19,16:06:41,META,buy,4,1722.88
TXN_00202,3768699384,2025-02-20,15:38:12,AAPL,sell,1,221.47
TXN_00203,8093597035,2025-02-20,16:15:03,NFLX,sell,3,2057.22
TXN_00204,5229455093,2025-02-21,09:10:38,JPM,buy,22,4794.9
TXN_00205,6625608873,2025-02-21,11:41:53,AAPL,buy,1,231.07
TXN_00206,8093597035,2025-02-21,12:45:29,AMZN,buy,4,708.24
TXN_00207,3768699384,2025-02-21,12:54:56,AMZN,sell,2,455.22
TXN_00208,9803134690,2025-02-21,13:05:23,TSLA,sell,2,789.48
TXN_00209,5229455093,2025-02-22,09:28:34,AMZN,buy,2,469.7
TXN_00210,9192201895,2025-02-22,11:57:22,NFLX,sell,4,2429.32
TXN_00211,9192201895,2025-02-22,12:37:14,NFLX,buy,3,3676.05
TXN_00212,6772985563,2025-02-22,12:42:34,TSLA,buy,5,1785.45
TXN_00213,5229455093,2025-02-23,09:03:11,META,sell,5,3010.6
TXN_00214,9474078998,2025-02-23,11:54:24,MSFT,buy,15,6325.05
TXN_00215,5229455093,2025-02-23,14:23:35,AMZN,sell,1,186.1
TXN_00216,8093597035,2025-02-24,09:04:41,AMZN,sell,5,896.1
TXN_00217,7713225623,2025-02-24,09:31:40,JPM,buy,26,6329.7
TXN_00218,5970995017,2025-02-24,10:04:58,AAPL,sell,1,171.46
TXN_00219,5970995017,2025-02-24,10:46:41,AAPL,sell,5,1117.2
TXN_00220,5150695988,2025-02-24,13:27:16,TSLA,sell,2,621.56
TXN_00221,5970995017,2025-02-24,14:13:20,META,sell,2,941.4
TXN_00222,1926010870,2025-02-24,14:28:59,GOOG,buy,15,2665.65
TXN_00223,5229455093,2025-02-24,14:36:49,AMZN,buy,4,682.64
TXN_00224,9192201895,2025-02-24,16:42:44,NFLX,sell,4,4577.72
TXN_00225,3614142517,2025-02-25,12:11:05,AMZN,sell,1,149.1
TXN_00226,1926010870,2025-02-25,13:05:27,GOOG,buy,4,635.92
TXN_00227,5970995017,2025-02-25,15:00:47,META,buy,2,744.9
TXN_00228,1402944639,2025-02-25,15:31:30,GOOG,sell,5,776.1
TXN_00229,9192201895,2025-02-26,10:02:13,NFLX,sell,5,3242.75
TXN_00230,9354048106,2025-02-26,10:17:38,META,sell,5,2375.8
TXN_00231,1402944639,2025-02-26,11:51:52,GOOG,buy,5,983.2
TXN_00232,5229455093,2025-02-26,13:05:16,META,buy,5,3376.85
TXN_00233,1926010870,2025-02-26,14:10:41,TSLA,sell,1,257.55
TXN_00234,9192201895,2025-02-26,16:30:39,GOOG,buy,48,9438.72
TXN_00235,5150695988,2025-02-26,16:55:56,TSLA,buy,4,712.32
TXN_00236,1402944639,2025-02-27,10:57:16,BAC,buy,1,47.12
TXN_00237,9474078998,2025-02-27,13:05:10,BAC,sell,2,77.04
TXN_00238,7713225623,2025-02-27,14:59:46,MSFT,buy,1,387.78
TXN_00239,5150695988,2025-02-27,15:09:01,TSLA,buy,1,252.64
TXN_00240,6625608873,2025-02-27,15:45:34,TSLA,sell,2,480.9
TXN_00241,5150695988,2025-02-27,16:09:57,TSLA,sell,1,238.01
TXN_00242,9192201895,2025-02-27,16:12:11,NFLX,buy,4,2411.68
TXN_00243,6772985563,2025-02-28,12:13:56,META,sell,2,1005.92
TXN_00244,5229455093,2025-02-28,14:27:03,META,sell,1,517.33
TXN_00245,9474078998,2025-02-28,15:49:15,BAC,buy,40,1441.6
TXN_00246,9192201895,2025-03-01,09:56:19,GOOG,sell,1,167.99
TXN_00247,5970995017,2025-03-01,14:34:41,AAPL,buy,5,901.9
TXN_00248,7713225623,2025-03-01,14:36:01,AAPL,sell,4,676.48
TXN_00249,8093597035,2025-03-01,15:12:01,MSFT,buy,7,2875.88
TXN_00250,3768699384,2025-03-01,16:57:54,AMZN,buy,2,343.62
TXN_00251,5150695988,2025-03-02,11:31:01,JPM,sell,4,722.08
TXN_00252,1402944639,2025-03-02,11:47:55,BAC,buy,2,76.6
TXN_00253,3614142517,2025-03-02,13:59:52,AMZN,buy,1,198.89
TXN_00254,9354048106,2025-03-02,14:50:53,META,buy,5,2352.6
TXN_00255,6625608873,2025-03-02,15:11:14,MSFT,sell,5,2080.15
TXN_00256,8093597035,2025-03-03,12:19:38,NFLX,buy,3,1808.76
TXN_00257,5150695988,2025-03-03,13:01:22,JPM,buy,4,753.44
TXN_00258,5229455093,2025-03-03,13:01:26,META,sell,1,517.79
TXN_00259,5150695988,2025-03-03,13:21:18,BAC,sell,2,63.72
TXN_00260,9192201895,2025-03-03,13:24:26,NFLX,buy,4,4836.96
TXN_00261,6625608873,2025-03-03,13:53:21,TSLA,sell,5,1789.65
TXN_00262,6625608873,2025-03-03,16:17:32,MSFT,sell,2,917.36
TXN_00263,6772985563,2025-03-04,10:11:03,META,buy,2,1166.76
TXN_00264,8093597035,2025-03-04,11:56:08,AMZN,buy,5,964.1
TXN_00265,5150695988,2025-03-04,13:07:18,TSLA,buy,2,497.42
TXN_00266,9192201895,2025-03-04,13:24:00,MSFT,buy,89,40237.79
TXN_00267,9803134690,2025-03-05,09:13:32,TSLA,sell,2,872.46
TXN_00268,3997467631,2025-03-05,10:28:51,MSFT,sell,1,358.46
TXN_00269,9474078998,2025-03-05,11:21:43,NVDA,sell,3,410.97
TXN_00270,3997467631,2025-03-05,11:39:29,TSLA,buy,14,2530.36
TXN_00271,6625608873,2025-03-05,13:56:21,AAPL,buy,43,9854.31
TXN_00272,5229455093,2025-03-06,10:56:36,BAC,sell,3,144.69
TXN_00273,1926010870,2025-03-06,11:04:55,TSLA,sell,2,440.64
TXN_00274,7713225623,2025-03-06,11:54:15,JPM,sell,1,209.27
TXN_00275,5229455093,2025-03-06,14:20:13,AMZN,buy,1,174.73
TXN_00276,3768699384,2025-03-06,14:23:06,AAPL,buy,1,208.81
TXN_00277,3614142517,2025-03-06,16:27:25,JPM,sell,5,1186.3
TXN_00278,5970995017,2025-03-06,16:35:21,AAPL,buy,1,175.29
TXN_00279,5970995017,2025-03-07,11:04:29,AAPL,sell,4,724.08
TXN_00280,9803134690,2025-03-07,12:13:40,TSLA,buy,2,394.98
TXN_00281,6625608873,2025-03-07,12:50:51,MSFT,buy,2,828.72
TXN_00282,9862896116,2025-03-07,13:54:21,GOOG,sell,4,749.16
TXN_00283,3997467631,2025-03-08,09:07:42,META,buy,3,2181.72
TXN_00284,6625608873,2025-03-08,10:13:20,JPM,buy,122,25079.54
TXN_00285,5229455093,2025-03-08,11:03:34,BAC,buy,3,123.63
TXN_00286,9192201895,2025-03-08,12:32:10,NFLX,buy,5,3151.75
TXN_00287,3768699384,2025-03-08,13:03:22,META,buy,4,2040.24
TXN_00288,9474078998,2025-03-08,14:48:29,BAC,buy,2,92.02
TXN_00289,5775818865,2025-03-09,10:50:32,MSFT,sell,2,810.76
TXN_00290,5150695988,2025-03-09,11:39:07,JPM,buy,186,40538.7
TXN_00291,6625608873,2025-03-09,12:19:31,MSFT,buy,5,2247.0
TXN_00292,9474078998,2025-03-09,12:22:37,NVDA,sell,4,564.88
TXN_00293,3614142517,2025-03-09,14:18:15,JPM,sell,2,400.88
TXN_00294,1926010870,2025-03-09,15:23:00,TSLA,buy,2,721.12
TXN_00295,5229455093,2025-03-09,15:43:01,AMZN,sell,5,1111.3
TXN_00296,5775818865,2025-03-09,16:33:21,MSFT,buy,2,871.42
TXN_00297,6625608873,2025-03-09,16:37:07,TSLA,buy,5,1246.15
TXN_00298,6625608873,2025-03-10,09:56:06,TSLA,buy,2,678.76
TXN_00299,1926010870,2025-03-10,13:43:49,GOOG,sell,5,851.55
TXN_00300,3997467631,2025-03-10,16:25:43,JPM,buy,13,3408.99
TXN_00301,3997467631,2025-03-11,15:43:01,MSFT,buy,1,419.08
TXN_00302,6772985563,2025-03-11,16:03:05,TSLA,buy,18,5798.88
TXN_00303,5970995017,2025-03-11,16:39:52,AAPL,buy,4,894.84
TXN_00304,1926010870,2025-03-11,16:44:34,TSLA,buy,1,191.97
TXN_00305,5229455093,2025-03-12,09:57:57,META,buy,1,583.34
TXN_00306,9192201895,2025-03-12,11:51:00,GOOG,buy,1,197.5
TXN_00307,7552075955,2025-03-12,13:01:49,TSLA,sell,5,1436.05
TXN_00308,3768699384,2025-03-12,16:02:41,AMZN,sell,5,890.75
TXN_00309,5970995017,2025-03-12,16:53:55,META,sell,3,1532.85
TXN_00310,3614142517,2025-03-12,16:59:30,JPM,buy,5,945.2
TXN_00311,5970995017,2025-03-13,10:47:45,META,buy,3,1467.57
TXN_00312,9192201895,2025-03-13,11:47:40,GOOG,sell,4,620.32
TXN_00313,9474078998,2025-03-14,11:19:54,NVDA,buy,3,351.84
TXN_00314,1402944639,2025-03-14,11:22:01,BAC,sell,2,90.4
TXN_00315,9474078998,2025-03-14,11:38:22,NVDA,buy,4,343.88
TXN_00316,5150695988,2025-03-14,12:35:25,BAC,buy,2,73.2
TXN_00317,9474078998,2025-03-14,13:50:28,NVDA,sell,4,272.76
TXN_00318,3997467631,2025-03-14,14:06:15,TSLA,buy,9,1565.91
TXN_00319,7552075955,2025-03-14,14:21:49,TSLA,buy,3,1389.06
TXN_00320,9474078998,2025-03-14,16:09:20,BAC,sell,2,93.7
TXN_00321,7713225623,2025-03-15,10:12:39,JPM,buy,1,239.73
TXN_00322,9474078998,2025-03-15,11:18:18,BAC,sell,4,194.84
TXN_00323,9354048106,2025-03-15,11:19:37,TSLA,buy,15,2662.2
TXN_00324,5229455093,2025-03-15,14:19:33,META,sell,1,559.3
TXN_00325,5229455093,2025-03-15,14:23:05,META,buy,1,682.34
TXN_00326,7713225623,2025-03-15,15:08:52,AAPL,buy,4,728.28
TXN_00327,9474078998,2025-03-15,15:31:19,BAC,buy,4,178.48
TXN_00328,9803134690,2025-03-15,15:58:12,TSLA,buy,2,520.96
TXN_00329,5150695988,2025-03-16,13:53:11,TSLA,sell,4,755.44
TXN_00330,3614142517,2025-03-16,14:32:25,BAC,buy,12,552.36
TXN_00331,9803134690,2025-03-17,11:29:41,AMZN,buy,6,1072.5
TXN_00332,8093597035,2025-03-17,11:32:19,AMZN,sell,2,370.34
TXN_00333,5229455093,2025-03-17,12:51:47,AMZN,buy,5,1028.7
TXN_00334,9354048106,2025-03-18,10:14:45,META,sell,3,1752.84
TXN_00335,9474078998,2025-03-18,11:29:07,BAC,buy,2,71.54
TXN_00336,5970995017,2025-03-18,13:21:26,META,sell,2,1214.86
TXN_00337,9474078998,2025-03-19,11:20:51,NVDA,buy,4,332.04
TXN_00338,5150695988,2025-03-19,12:41:40,TSLA,buy,4,1041.84
TXN_00339,5229455093,2025-03-19,13:05:32,META,buy,1,489.67
TXN_00340,9862896116,2025-03-19,14:35:12,GOOG,sell,3,579.6
TXN_00341,3768699384,2025-03-19,15:51:33,AMZN,buy,5,1102.75
TXN_00342,9862896116,2025-03-19,16:10:33,GOOG,buy,4,666.92
TXN_00343,1926010870,2025-03-21,09:31:49,GOOG,buy,5,884.75
TXN_00344,8093597035,2025-03-21,12:38:29,NFLX,sell,3,2884.89
TXN_00345,9192201895,2025-03-21,13:14:21,GOOG,buy,4,786.64
TXN_00346,9192201895,2025-03-21,15:24:59,MSFT,sell,1,407.97
TXN_00347,3614142517,2025-03-22,09:40:03,JPM,buy,2,582.86
TXN_00348,1402944639,2025-03-22,10:53:35,BAC,buy,2,82.5
TXN_00349,5229455093,2025-03-22,16:21:28,META,buy,11,7669.53
TXN_00350,5970995017,2025-03-22,16:32:19,AAPL,sell,4,945.16
TXN_00351,9474078998,2025-03-23,09:23:45,NVDA,sell,4,304.68
TXN_00352,5229455093,2025-03-23,11:02:44,META,sell,2,1552.74
TXN_00353,7552075955,2025-03-23,12:32:33,TSLA,buy,5,2075.55
TXN_00354,9192201895,2025-03-23,13:46:57,MSFT,buy,1,424.41
TXN_00355,7713225623,2025-03-24,14:15:11,TSLA,buy,2,336.76
TXN_00356,5229455093,2025-03-24,14:51:55,META,buy,2,984.8
TXN_00357,6772985563,2025-03-24,15:52:54,TSLA,sell,1,290.8
TXN_00358,1402944639,2025-03-25,12:29:59,BAC,sell,3,141.06
TXN_00359,8093597035,2025-03-25,14:02:55,AMZN,buy,2,426.4
TXN_00360,3614142517,2025-03-25,14:51:33,BAC,buy,106,4349.18
TXN_00361,5970995017,2025-03-25,15:14:11,AAPL,buy,4,901.76
TXN_00362,7713225623,2025-03-26,10:13:46,MSFT,sell,3,1359.75
TXN_00363,1926010870,2025-03-26,12:58:31,META,sell,2,1178.12
TXN_00364,9354048106,2025-03-26,14:22:30,META,buy,3,1356.72
TXN_00365,9862896116,2025-03-26,16:03:06,GOOG,buy,3,593.1
TXN_00366,9803134690,2025-03-27,10:07:50,AMZN,sell,4,723.32
TXN_00367,9803134690,2025-03-27,13:52:22,AMZN,buy,4,726.84
TXN_00368,3768699384,2025-03-27,15:54:23,META,buy,4,2263.84
TXN_00369,1402944639,2025-03-29,09:17:49,AAPL,sell,4,909.64
TXN_00370,6625608873,2025-03-29,13:35:50,AAPL,sell,4,912.76
TXN_00371,1926010870,2025-03-29,15:16:21,TSLA,sell,4,831.32
TXN_00372,1926010870,2025-03-30,09:16:08,TSLA,buy,4,881.0
TXN_00373,9354048106,2025-03-30,14:56:41,META,buy,10,3684.5
TXN_00374,7713225623,2025-03-30,15:32:28,TSLA,sell,2,476.02
TXN_00375,3768699384,2025-03-30,15:52:10,AMZN,sell,2,365.44
TXN_00376,7552075955,2025-03-31,10:35:57,AAPL,buy,6,1247.16
TXN_00377,9474078998,2025-03-31,12:41:24,NVDA,buy,4,440.56
TXN_00378,5775818865,2025-03-31,13:43:51,JPM,sell,1,192.3
TXN_00379,8093597035,2025-03-31,13:56:36,NFLX,buy,3,3864.84
TXN_00380,5970995017,2025-03-31,14:00:46,META,buy,2,981.58
TXN_00381,5775818865,2025-03-31,16:12:43,JPM,sell,2,410.34
TXN_00382,1926010870,2025-04-01,13:35:40,META,buy,2,1531.74
TXN_00383,9862896116,2025-04-03,09:41:21,GOOG,sell,5,889.7
TXN_00384,5229455093,2025-04-03,12:57:19,JPM,buy,24,4198.32
TXN_00385,6772985563,2025-04-03,13:32:14,TSLA,buy,1,339.64
TXN_00386,5775818865,2025-04-03,14:14:00,JPM,buy,2,481.82
TXN_00387,8093597035,2025-04-03,15:00:29,AMZN,sell,5,877.0
TXN_00388,6625608873,2025-04-04,10:42:05,AAPL,sell,2,401.24
TXN_00389,3614142517,2025-04-04,10:52:41,BAC,buy,2,71.56
TXN_00390,5229455093,2025-04-04,11:55:20,AMZN,sell,1,182.12
TXN_00391,3614142517,2025-04-04,14:08:05,BAC,sell,2,76.24
TXN_00392,3768699384,2025-04-05,09:43:09,META,sell,4,2212.16
TXN_00393,1402944639,2025-04-05,10:42:24,BAC,buy,3,121.8
TXN_00394,1402944639,2025-04-05,16:12:07,AAPL,sell,1,212.8
TXN_00395,9474078998,2025-04-06,10:52:49,BAC,buy,83,3995.62
TXN_00396,7713225623,2025-04-06,11:05:23,MSFT,buy,3,1530.15
TXN_00397,4313201683,2025-04-06,14:10:00,MSFT,sell,1,425.02
TXN_00398,7552075955,2025-04-07,10:31:50,TSLA,sell,2,748.64
TXN_00399,7552075955,2025-04-07,11:50:59,TSLA,buy,2,644.1
TXN_00400,1402944639,2025-04-07,12:35:00,GOOG,sell,5,893.5
TXN_00401,6625608873,2025-04-07,14:32:02,AAPL,buy,4,890.6
TXN_00402,5229455093,2025-04-08,09:40:26,AMZN,buy,4,747.92
TXN_00403,1402944639,2025-04-08,12:32:13,AAPL,sell,2,402.44
TXN_00404,7552075955,2025-04-08,13:05:59,JPM,sell,3,588.0
TXN_00405,5229455093,2025-04-08,16:54:42,AMZN,sell,4,718.84
TXN_00406,9862896116,2025-04-09,13:11:50,GOOG,buy,5,812.1
TXN_00407,9862896116,2025-04-10,11:01:38,AMZN,sell,2,433.16
TXN_00408,5150695988,2025-04-10,11:26:53,TSLA,sell,3,1191.45
TXN_00409,1402944639,2025-04-10,13:31:19,AAPL,buy,1,192.0
TXN_00410,3768699384,2025-04-10,14:29:04,META,buy,4,3000.04
TXN_00411,3614142517,2025-04-10,15:16:28,GOOG,buy,59,10217.03
TXN_00412,5775818865,2025-04-10,15:47:42,JPM,buy,1,252.25
TXN_00413,9862896116,2025-04-11,09:40:08,AMZN,buy,2,360.22
TXN_00414,1926010870,2025-04-11,11:45:32,META,sell,5,2948.3
TXN_00415,5229455093,2025-04-11,13:30:31,META,sell,5,2892.85
TXN_00416,5229455093,2025-04-11,13:33:36,META,sell,3,1452.87
TXN_00417,1402944639,2025-04-11,13:56:38,BAC,sell,5,173.5
TXN_00418,7713225623,2025-04-12,09:19:19,TSLA,sell,3,932.34
TXN_00419,9354048106,2025-04-12,09:41:42,TSLA,sell,2,601.42
TXN_00420,1402944639,2025-04-12,10:50:22,AAPL,buy,4,851.88
TXN_00421,5150695988,2025-04-12,13:26:42,JPM,sell,5,1108.85
TXN_00422,5775818865,2025-04-12,15:27:51,MSFT,sell,2,771.34
TXN_00423,7713225623,2025-04-12,15:36:03,TSLA,buy,2,585.96
TXN_00424,4313201683,2025-04-13,09:09:37,NFLX,sell,5,5078.4
TXN_00425,5229455093,2025-04-13,10:31:10,AMZN,buy,1,159.0
TXN_00426,8093597035,2025-04-13,10:59:50,AMZN,buy,5,931.65
TXN_00427,6772985563,2025-04-13,11:03:36,META,sell,3,1397.16
TXN_00428,5775818865,2025-04-13,11:06:34,MSFT,buy,2,794.38
TXN_00429,1926010870,2025-04-13,13:47:33,GOOG,sell,1,184.69
TXN_00430,7552075955,2025-04-13,14:58:44,JPM,sell,5,1452.65
TXN_00431,9354048106,2025-04-13,15:11:14,TSLA,sell,4,716.96
TXN_00432,3768699384,2025-04-13,15:33:33,AMZN,buy,2,380.4
TXN_00433,7713225623,2025-04-14,11:30:40,TSLA,buy,3,521.22
TXN_00434,7552075955,2025-04-14,16:13:49,JPM,buy,1,189.27
TXN_00435,6772985563,2025-04-15,10:00:49,TSLA,sell,3,890.73
TXN_00436,9354048106,2025-04-15,13:15:12,TSLA,sell,1,222.72
TXN_00437,9862896116,2025-04-15,15:02:55,AMZN,sell,2,339.02
TXN_00438,5775818865,2025-04-15,16:01:49,MSFT,sell,5,2122.55
TXN_00439,9192201895,2025-04-15,16:39:50,MSFT,sell,5,2667.5
TXN_00440,5775818865,2025-04-16,13:04:23,MSFT,sell,5,2067.1
TXN_00441,3997467631,2025-04-16,13:28:54,JPM,sell,2,410.88
TXN_00442,1926010870,2025-04-16,13:43:29,TSLA,sell,3,744.27
TXN_00443,6625608873,2025-04-16,14:26:47,AAPL,buy,2,452.94
TXN_00444,1926010870,2025-04-16,15:03:31,GOOG,buy,1,177.52
TXN_00445,4313201683,2025-04-17,11:53:39,MSFT,buy,1,478.87
TXN_00446,1402944639,2025-04-17,14:11:26,BAC,buy,5,209.25
TXN_00447,9862896116,2025-04-18,10:10:04,GOOG,buy,3,533.13
TXN_00448,8093597035,2025-04-18,11:11:08,MSFT,sell,5,1991.55
TXN_00449,9862896116,2025-04-18,11:58:19,GOOG,sell,3,575.22
TXN_00450,9354048106,2025-04-18,12:17:09,TSLA,buy,4,726.28
TXN_00451,5775818865,2025-04-18,12:30:07,MSFT,buy,5,2507.4
TXN_00452,6772985563,2025-04-18,15:26:40,TSLA,buy,6,1444.08
TXN_00453,9803134690,2025-04-18,15:38:40,AMZN,sell,4,720.0
TXN_00454,9354048106,2025-04-19,09:30:47,TSLA,buy,2,336.94
TXN_00455,1402944639,2025-04-19,09:53:41,AAPL,buy,2,454.36
TXN_00456,1926010870,2025-04-19,12:29:52,META,buy,5,3420.45
TXN_00457,5229455093,2025-04-19,12:45:34,META,buy,3,1836.18
TXN_00458,7713225623,2025-04-19,12:46:50,JPM,buy,12,2307.6
TXN_00459,9192201895,2025-04-19,14:00:12,MSFT,buy,5,2487.05
TXN_00460,5150695988,2025-04-19,14:52:54,TSLA,buy,3,1209.93
TXN_00461,9803134690,2025-04-20,09:26:36,TSLA,buy,1,332.56
TXN_00462,3614142517,2025-04-20,10:28:53,JPM,buy,9,1884.96
TXN_00463,7552075955,2025-04-20,12:50:49,JPM,buy,3,888.0
TXN_00464,9354048106,2025-04-20,13:09:50,TSLA,sell,1,171.11
TXN_00465,4313201683,2025-04-20,14:08:18,NFLX,buy,5,5892.4
TXN_00466,9803134690,2025-04-20,14:08:26,TSLA,sell,1,323.63
TXN_00467,1402944639,2025-04-21,09:02:04,GOOG,buy,5,987.2
TXN_00468,5229455093,2025-04-21,11:43:21,META,buy,5,3035.65
TXN_00469,5229455093,2025-04-21,14:30:52,META,sell,1,523.81
TXN_00470,8093597035,2025-04-21,15:02:58,AMZN,sell,5,985.6
TXN_00471,3997467631,2025-04-22,12:02:54,TSLA,sell,1,182.58
TXN_00472,8093597035,2025-04-22,12:07:45,AMZN,buy,5,1144.65
TXN_00473,8093597035,2025-04-23,09:34:35,AMZN,buy,36,6112.8
TXN_00474,5775818865,2025-04-23,11:47:34,MSFT,buy,5,2293.4
TXN_00475,3614142517,2025-04-23,12:42:36,JPM,sell,2,406.24
TXN_00476,7552075955,2025-04-24,10:11:56,BAC,buy,5,203.0
TXN_00477,9192201895,2025-04-24,10:29:50,GOOG,sell,4,670.68
TXN_00478,5775818865,2025-04-24,11:35:11,MSFT,sell,3,1207.5
TXN_00479,9354048106,2025-04-24,13:59:23,META,sell,3,1381.23
TXN_00480,7552075955,2025-04-24,14:56:18,BAC,sell,5,159.6
TXN_00481,7552075955,2025-04-24,16:58:16,JPM,buy,5,1480.0
TXN_00482,5150695988,2025-04-25,09:57:57,JPM,buy,5,1071.8
TXN_00483,7713225623,2025-04-25,11:04:29,TSLA,sell,1,197.88
TXN_00484,5229455093,2025-04-25,12:42:26,AMZN,buy,15,3290.85
TXN_00485,3614142517,2025-04-25,14:19:00,BAC,sell,2,82.58
TXN_00486,3997467631,2025-04-25,14:32:14,TSLA,buy,1,238.45
TXN_00487,3997467631,2025-04-26,10:13:32,JPM,buy,2,323.8
TXN_00488,9354048106,2025-04-26,11:36:20,META,buy,3,1933.65
TXN_00489,6772985563,2025-04-26,16:21:28,META,buy,3,1324.02
TXN_00490,9192201895,2025-04-26,16:59:37,NFLX,buy,2,937.0
TXN_00491,5775818865,2025-04-27,10:21:31,JPM,sell,3,575.28
TXN_00492,1926010870,2025-04-27,11:42:48,TSLA,buy,3,526.02
TXN_00493,9354048106,2025-04-27,11:47:34,META,sell,5,3604.6
TXN_00494,3614142517,2025-04-27,11:49:14,JPM,buy,2,479.28
TXN_00495,9862896116,2025-04-27,14:35:53,AMZN,buy,2,310.36
TXN_00496,9354048106,2025-04-27,16:19:47,TSLA,buy,1,454.13
TXN_00497,9354048106,2025-04-27,16:50:44,META,sell,5,3331.7
TXN_00498,5775818865,2025-04-28,11:39:53,MSFT,buy,24,11814.48
TXN_00499,6772985563,2025-04-28,13:05:36,TSLA,buy,3,547.41
TXN_00500,8093597035,2025-04-29,09:56:07,MSFT,buy,5,1901.55
TXN_00501,5150695988,2025-04-29,14:23:00,BAC,buy,1,44.43
TXN_00502,5150695988,2025-04-29,15:51:25,BAC,sell,1,40.29
TXN_00503,7552075955,2025-04-29,16:03:15,TSLA,sell,3,1003.86
TXN_00504,1926010870,2025-04-30,13:23:02,META,sell,4,1863.8
TXN_00505,7713225623,2025-04-30,15:14:32,MSFT,sell,3,1242.24
TXN_00506,3614142517,2025-04-30,15:47:35,GOOG,sell,3,571.8
TXN_00507,5229455093,2025-05-01,11:01:42,BAC,sell,3,104.16
TXN_00508,1926010870,2025-05-01,14:23:57,META,buy,4,2007.52
TXN_00509,3997467631,2025-05-01,14:47:02,MSFT,buy,3,1229.25
TXN_00510,5150695988,2025-05-01,15:38:23,BAC,buy,9,341.73
TXN_00511,9192201895,2025-05-01,16:31:40,GOOG,buy,4,732.4
TXN_00512,9803134690,2025-05-02,12:11:41,AMZN,buy,4,770.88
TXN_00513,3768699384,2025-05-02,12:52:20,GOOG,sell,1,133.41
TXN_00514,5229455093,2025-05-02,15:50:46,META,buy,1,596.2
TXN_00515,3614142517,2025-05-02,16:16:41,GOOG,buy,3,465.54
TXN_00516,9354048106,2025-05-03,09:36:36,TSLA,buy,1,327.55
TXN_00517,9354048106,2025-05-03,10:07:20,META,buy,5,2497.95
TXN_00518,6625608873,2025-05-03,12:05:02,AAPL,buy,4,916.24
TXN_00519,4313201683,2025-05-03,14:03:57,MSFT,buy,3,1290.03
TXN_00520,6625608873,2025-05-03,15:59:10,AAPL,sell,4,892.16
TXN_00521,3614142517,2025-05-04,09:45:17,JPM,sell,2,383.06
TXN_00522,3997467631,2025-05-04,10:14:51,JPM,sell,3,609.36
TXN_00523,5970995017,2025-05-04,13:33:49,META,buy,42,20882.82
TXN_00524,7552075955,2025-05-05,10:41:47,MSFT,buy,4,1624.32
TXN_00525,7713225623,2025-05-05,12:57:02,MSFT,buy,3,1203.3
TXN_00526,5775818865,2025-05-05,13:16:36,MSFT,buy,3,1492.23
TXN_00527,3614142517,2025-05-05,13:31:39,BAC,buy,2,69.78
TXN_00528,3768699384,2025-05-05,14:55:29,GOOG,buy,1,160.7
TXN_00529,5150695988,2025-05-06,13:35:27,BAC,sell,3,94.08
TXN_00530,3768699384,2025-05-06,15:47:34,GOOG,buy,33,5527.83
TXN_00531,9803134690,2025-05-07,09:02:42,TSLA,sell,2,789.88
TXN_00532,7552075955,2025-05-07,09:09:23,MSFT,buy,12,4630.68
TXN_00533,9192201895,2025-05-07,09:55:50,GOOG,sell,1,202.16
TXN_00534,9803134690,2025-05-07,11:29:50,AMZN,sell,3,550.62
TXN_00535,5775818865,2025-05-07,13:18:01,JPM,buy,3,830.7
TXN_00536,3997467631,2025-05-07,14:09:25,AAPL,buy,27,5151.6
TXN_00537,7552075955,2025-05-07,15:29:28,AAPL,sell,5,950.6
TXN_00538,6625608873,2025-05-08,09:12:30,AAPL,sell,4,687.08
TXN_00539,3997467631,2025-05-08,12:29:33,JPM,buy,3,537.54
TXN_00540,7713225623,2025-05-08,14:25:20,TSLA,buy,1,259.51
TXN_00541,3768699384,2025-05-08,16:19:44,AMZN,sell,3,519.48
TXN_00542,5150695988,2025-05-08,16:52:55,BAC,buy,49,2124.64
TXN_00543,9192201895,2025-05-09,09:35:21,GOOG,sell,2,347.96
TXN_00544,9354048106,2025-05-09,11:58:43,META,buy,5,3509.3
TXN_00545,9192201895,2025-05-09,12:46:57,GOOG,buy,2,326.12
TXN_00546,9474078998,2025-05-09,15:39:54,BAC,sell,5,178.8
TXN_00547,5150695988,2025-05-10,09:19:04,BAC,buy,3,97.14
TXN_00548,9192201895,2025-05-10,09:22:43,NFLX,sell,4,3684.68
TXN_00549,8093597035,2025-05-10,09:44:51,AMZN,buy,14,2531.62
TXN_00550,5229455093,2025-05-10,10:46:07,BAC,buy,3,132.69
TXN_00551,1926010870,2025-05-10,11:58:31,META,buy,30,20522.7
TXN_00552,5150695988,2025-05-10,14:29:35,JPM,buy,16,2719.84
TXN_00553,9192201895,2025-05-10,16:11:03,GOOG,buy,1,152.15
TXN_00554,3614142517,2025-05-11,10:45:44,AMZN,buy,2,460.52
TXN_00555,3768699384,2025-05-11,12:26:51,GOOG,sell,1,167.99
TXN_00556,3614142517,2025-05-11,13:22:59,AMZN,sell,2,367.24
TXN_00557,7552075955,2025-05-11,13:32:23,AAPL,buy,5,1220.0
TXN_00558,6625608873,2025-05-11,14:21:26,AAPL,buy,4,916.68
TXN_00559,6772985563,2025-05-12,14:33:43,BAC,buy,138,6142.38
TXN_00560,3614142517,2025-05-12,14:50:31,AMZN,sell,3,640.71
TXN_00561,1926010870,2025-05-12,16:11:35,TSLA,buy,1,177.46
TXN_00562,3614142517,2025-05-12,16:22:28,JPM,sell,1,251.3
TXN_00563,1402944639,2025-05-12,16:57:14,BAC,buy,8,362.8
TXN_00564,7713225623,2025-05-12,16:58:00,MSFT,sell,2,865.24
TXN_00565,5229455093,2025-05-13,11:43:44,BAC,sell,5,201.45
TXN_00566,7713225623,2025-05-13,14:47:24,AAPL,sell,1,227.98
TXN_00567,7552075955,2025-05-13,16:57:06,TSLA,buy,3,988.95
TXN_00568,1402944639,2025-05-14,10:13:39,AAPL,sell,3,508.53
TXN_00569,7552075955,2025-05-14,11:28:32,JPM,sell,1,245.42
TXN_00570,5150695988,2025-05-14,16:02:20,JPM,sell,4,1069.24
TXN_00571,5970995017,2025-05-15,13:01:43,AAPL,sell,2,477.48
TXN_00572,1402944639,2025-05-15,13:26:39,AAPL,buy,3,687.18
TXN_00573,3614142517,2025-05-16,10:02:22,JPM,buy,2,329.0
TXN_00574,8093597035,2025-05-16,12:08:23,NFLX,sell,2,1368.68
TXN_00575,7713225623,2025-05-16,13:23:32,AAPL,buy,1,235.35
TXN_00576,7713225623,2025-05-16,14:27:30,JPM,sell,2,424.22
TXN_00577,3614142517,2025-05-17,10:30:18,BAC,sell,5,189.4
TXN_00578,6625608873,2025-05-17,11:03:50,MSFT,buy,7,2964.36
TXN_00579,4313201683,2025-05-17,11:25:33,AAPL,buy,36,7129.08
TXN_00580,6772985563,2025-05-17,11:56:37,META,sell,2,1394.46
TXN_00581,3614142517,2025-05-17,12:06:14,JPM,buy,1,205.62
TXN_00582,9474078998,2025-05-17,12:16:44,BAC,buy,5,187.7
TXN_00583,3614142517,2025-05-17,13:31:48,AMZN,sell,2,379.74
TXN_00584,9192201895,2025-05-17,15:04:07,NFLX,buy,4,4817.76
TXN_00585,7713225623,2025-05-17,15:46:30,JPM,buy,2,364.02
TXN_00586,9803134690,2025-05-18,09:37:20,TSLA,sell,4,830.68
TXN_00587,9803134690,2025-05-18,12:39:47,TSLA,buy,2,460.34
TXN_00588,1926010870,2025-05-18,15:07:31,META,sell,4,2555.76
TXN_00589,9803134690,2025-05-19,09:46:09,TSLA,buy,4,1101.4
TXN_00590,7713225623,2025-05-19,10:36:11,JPM,sell,2,592.0
TXN_00591,1926010870,2025-05-19,16:04:56,TSLA,buy,3,680.34
TXN_00592,6772985563,2025-05-20,13:33:50,BAC,sell,5,187.4
TXN_00593,7552075955,2025-05-20,16:15:25,MSFT,sell,2,756.16
TXN_00594,3997467631,2025-05-20,16:21:18,JPM,sell,4,1162.12
TXN_00595,3768699384,2025-05-21,09:18:03,AMZN,buy,3,517.83
TXN_00596,9803134690,2025-05-21,12:44:56,AMZN,buy,3,677.82
TXN_00597,7552075955,2025-05-21,12:58:45,BAC,sell,1,37.18
TXN_00598,7552075955,2025-05-21,15:33:03,MSFT,buy,2,855.6
TXN_00599,7713225623,2025-05-22,09:07:31,AMZN,buy,8,1872.88
TXN_00600,7552075955,2025-05-22,09:09:02,BAC,sell,5,222.55
TXN_00601,3997467631,2025-05-22,13:37:33,JPM,buy,4,1184.96
TXN_00602,6772985563,2025-05-23,09:46:41,META,buy,2,1017.72
TXN_00603,5229455093,2025-05-23,12:14:17,BAC,buy,5,227.1
TXN_00604,5229455093,2025-05-23,14:12:06,BAC,sell,1,43.11
TXN_00605,9474078998,2025-05-23,15:10:21,NVDA,buy,44,6132.72
TXN_00606,3614142517,2025-05-23,16:57:34,AMZN,buy,2,351.0
TXN_00607,5229455093,2025-05-24,09:59:37,META,sell,4,2819.24
TXN_00608,9862896116,2025-05-24,10:51:41,AMZN,sell,1,194.54
TXN_00609,3768699384,2025-05-24,14:05:37,AMZN,sell,4,706.36
TXN_00610,5229455093,2025-05-25,09:39:04,META,buy,4,2628.6
TXN_00611,5229455093,2025-05-25,09:44:54,BAC,buy,1,39.95
TXN_00612,3614142517,2025-05-25,10:06:34,AMZN,buy,3,703.92
TXN_00613,9192201895,2025-05-25,12:09:46,GOOG,buy,65,10909.6
TXN_00614,3768699384,2025-05-25,13:03:09,GOOG,buy,1,169.89
TXN_00615,8093597035,2025-05-25,14:30:25,NFLX,sell,5,3036.65
TXN_00616,3614142517,2025-05-25,16:35:16,GOOG,buy,40,6892.8
TXN_00617,5150695988,2025-05-26,09:20:37,JPM,buy,4,946.04
TXN_00618,7552075955,2025-05-26,10:20:00,BAC,buy,1,45.45
TXN_00619,7713225623,2025-05-26,14:46:57,MSFT,buy,2,834.7
TXN_00620,3997467631,2025-05-27,09:02:48,AAPL,buy,39,8106.54
TXN_00621,5775818865,2025-05-27,14:52:38,JPM,buy,3,616.11
TXN_00622,1926010870,2025-05-27,15:33:09,META,sell,1,548.58
TXN_00623,8093597035,2025-05-27,15:58:21,NFLX,buy,2,1146.7
TXN_00624,5775818865,2025-05-27,16:03:04,JPM,sell,3,656.28
TXN_00625,9354048106,2025-05-27,16:26:51,META,sell,1,505.24
TXN_00626,5970995017,2025-05-28,10:36:25,AAPL,buy,2,440.6
TXN_00627,7552075955,2025-05-28,11:57:06,JPM,buy,1,188.39
TXN_00628,7713225623,2025-05-28,13:12:40,JPM,buy,2,374.8
TXN_00629,7713225623,2025-05-28,13:51:53,TSLA,buy,2,362.38
TXN_00630,3614142517,2025-05-29,09:51:32,BAC,buy,5,222.8
TXN_00631,6772985563,2025-05-29,11:21:44,BAC,buy,5,187.85
TXN_00632,3768699384,2025-05-29,13:32:30,AMZN,buy,4,685.56
TXN_00633,1926010870,2025-05-29,15:02:10,META,buy,4,1859.12
TXN_00634,9354048106,2025-05-30,12:15:26,META,buy,1,719.01
TXN_00635,6625608873,2025-05-30,13:28:02,AAPL,sell,3,669.6
TXN_00636,4313201683,2025-05-31,09:35:42,MSFT,sell,4,2087.08
TXN_00637,1402944639,2025-05-31,12:21:43,AAPL,sell,1,220.98
TXN_00638,1402944639,2025-06-01,11:48:12,GOOG,sell,3,539.58
TXN_00639,1402944639,2025-06-01,12:15:44,GOOG,sell,5,785.1
TXN_00640,1402944639,2025-06-01,12:47:56,AAPL,buy,1,249.53
TXN_00641,3768699384,2025-06-02,09:54:55,AAPL,buy,4,843.68
TXN_00642,5775818865,2025-06-02,12:34:31,MSFT,sell,5,1907.45
TXN_00643,1926010870,2025-06-02,12:45:41,TSLA,sell,1,175.22
TXN_00644,3997467631,2025-06-02,14:55:50,AAPL,sell,1,222.88
TXN_00645,6625608873,2025-06-02,15:48:03,META,buy,1,562.3
TXN_00646,3768699384,2025-06-03,09:14:03,AAPL,buy,110,19621.8
TXN_00647,7713225623,2025-06-03,09:32:30,MSFT,buy,3,1265.19
TXN_00648,9862896116,2025-06-03,09:48:36,AMZN,buy,1,194.54
TXN_00649,8093597035,2025-06-03,12:27:31,NFLX,buy,5,2942.35
TXN_00650,3997467631,2025-06-03,12:36:56,MSFT,buy,4,2082.32
TXN_00651,7713225623,2025-06-03,15:14:54,TSLA,buy,1,259.16
TXN_00652,1402944639,2025-06-04,12:44:00,GOOG,buy,3,447.18
TXN_00653,9803134690,2025-06-05,09:43:45,TSLA,sell,1,181.06
TXN_00654,7552075955,2025-06-05,14:52:51,BAC,buy,5,192.75
TXN_00655,1926010870,2025-06-05,16:52:55,META,buy,1,501.88
TXN_00656,5775818865,2025-06-06,14:09:35,JPM,sell,4,973.8
TXN_00657,7552075955,2025-06-07,10:09:45,TSLA,buy,10,1706.6
TXN_00658,4313201683,2025-06-07,10:14:46,TSLA,buy,9,2270.79
TXN_00659,9862896116,2025-06-07,10:47:42,GOOG,sell,5,706.8
TXN_00660,5775818865,2025-06-07,15:10:11,MSFT,buy,5,2039.9
TXN_00661,6625608873,2025-06-07,16:36:27,AAPL,buy,3,573.72
TXN_00662,9862896116,2025-06-08,11:37:22,GOOG,sell,5,903.85
TXN_00663,1926010870,2025-06-08,11:52:50,TSLA,sell,5,1714.1
TXN_00664,7552075955,2025-06-08,14:34:25,JPM,buy,49,8674.47
TXN_00665,6772985563,2025-06-09,14:42:45,MSFT,buy,1,497.41
TXN_00666,6772985563,2025-06-09,15:53:04,BAC,buy,39,1192.23
TXN_00667,9862896116,2025-06-10,11:17:55,GOOG,buy,5,878.95
TXN_00668,3768699384,2025-06-10,11:40:04,AMZN,buy,1,185.17
TXN_00669,3997467631,2025-06-10,13:44:03,AAPL,buy,1,232.05
TXN_00670,8093597035,2025-06-11,09:33:40,MSFT,sell,4,1674.32
TXN_00671,7713225623,2025-06-11,09:58:07,TSLA,sell,1,219.16
TXN_00672,3997467631,2025-06-11,12:57:05,TSLA,sell,2,351.32
TXN_00673,5775818865,2025-06-12,09:18:18,MSFT,buy,15,5929.35
TXN_00674,9803134690,2025-06-12,09:39:17,AMZN,sell,3,559.62
TXN_00675,6772985563,2025-06-12,11:40:33,META,sell,5,2624.65
TXN_00676,1402944639,2025-06-12,12:38:42,GOOG,buy,5,923.45
TXN_00677,9803134690,2025-06-12,12:47:47,AMZN,buy,3,547.5
TXN_00678,3768699384,2025-06-12,12:55:34,META,sell,1,487.97
TXN_00679,9354048106,2025-06-13,09:05:55,TSLA,sell,1,248.98
TXN_00680,6772985563,2025-06-13,10:00:20,TSLA,buy,5,1606.0
TXN_00681,6625608873,2025-06-13,10:02:42,TSLA,sell,1,197.88
TXN_00682,4313201683,2025-06-13,10:22:47,MSFT,buy,4,1645.52
TXN_00683,6772985563,2025-06-13,11:05:19,TSLA,sell,5,777.25
TXN_00684,6625608873,2025-06-13,11:25:56,TSLA,sell,5,2016.55
TXN_00685,5970995017,2025-06-13,12:16:55,META,sell,5,2857.0
TXN_00686,9862896116,2025-06-13,13:43:53,GOOG,buy,5,984.6
TXN_00687,9803134690,2025-06-13,16:50:11,TSLA,buy,1,319.41
TXN_00688,6772985563,2025-06-14,09:48:35,META,buy,5,1955.15
TXN_00689,8093597035,2025-06-14,14:03:11,MSFT,buy,4,1791.36
TXN_00690,9474078998,2025-06-15,12:05:21,BAC,sell,5,182.15
TXN_00691,5775818865,2025-06-15,13:38:37,JPM,buy,4,830.24
TXN_00692,1926010870,2025-06-15,16:23:07,TSLA,buy,1,302.63
TXN_00693,1926010870,2025-06-15,16:30:30,META,sell,4,2909.4
TXN_00694,3768699384,2025-06-16,09:27:39,META,buy,1,527.47
TXN_00695,1926010870,2025-06-16,12:04:26,META,buy,4,2393.0
TXN_00696,7552075955,2025-06-17,09:42:14,JPM,sell,4,659.48
TXN_00697,6772985563,2025-06-17,10:11:49,NFLX,sell,3,1933.5
TXN_00698,1926010870,2025-06-17,16:19:10,GOOG,sell,4,634.68
TXN_00699,5229455093,2025-06-18,09:40:08,META,sell,5,2457.95
TXN_00700,8093597035,2025-06-18,16:38:45,AMZN,buy,30,5349.0
TXN_00701,3614142517,2025-06-18,16:56:45,BAC,sell,5,208.0
TXN_00702,3768699384,2025-06-19,10:40:18,AMZN,sell,5,1030.8
TXN_00703,9862896116,2025-06-19,14:05:11,AMZN,buy,72,13464.0
TXN_00704,5229455093,2025-06-19,15:21:57,META,buy,5,2596.7
TXN_00705,5775818865,2025-06-19,15:57:46,JPM,sell,1,263.9
TXN_00706,4313201683,2025-06-19,16:38:03,AAPL,sell,2,335.62
TXN_00707,9354048106,2025-06-19,16:49:21,TSLA,buy,1,295.14
TXN_00708,9192201895,2025-06-20,09:42:51,NFLX,sell,1,795.04
TXN_00709,9192201895,2025-06-20,10:02:44,GOOG,sell,4,678.92
TXN_00710,1926010870,2025-06-20,11:01:44,TSLA,buy,5,1757.1
TXN_00711,3614142517,2025-06-20,11:37:40,JPM,sell,2,438.88
TXN_00712,5150695988,2025-06-21,09:40:49,JPM,sell,4,887.08
TXN_00713,7552075955,2025-06-21,13:16:59,JPM,sell,3,564.6
TXN_00714,5970995017,2025-06-21,14:06:57,META,buy,5,3293.95
TXN_00715,6625608873,2025-06-21,16:36:03,TSLA,buy,1,252.94
TXN_00716,7713225623,2025-06-21,16:55:11,TSLA,buy,1,396.36
TXN_00717,4313201683,2025-06-22,09:48:01,AAPL,buy,2,514.58
TXN_00718,9474078998,2025-06-22,11:08:47,BAC,buy,5,161.95
TXN_00719,7552075955,2025-06-22,11:38:02,JPM,buy,3,768.69
TXN_00720,3768699384,2025-06-22,12:16:51,GOOG,buy,173,28474.07
TXN_00721,6772985563,2025-06-22,13:23:57,NFLX,buy,3,2965.41
TXN_00722,6772985563,2025-06-22,14:09:25,META,buy,3,1645.74
TXN_00723,6625608873,2025-06-22,14:52:47,TSLA,buy,5,1429.4
TXN_00724,1926010870,2025-06-23,14:10:24,GOOG,buy,4,687.08
TXN_00725,5229455093,2025-06-23,14:59:27,AMZN,sell,4,735.32
TXN_00726,9803134690,2025-06-24,09:50:15,TSLA,buy,3,1002.21
TXN_00727,3614142517,2025-06-24,10:02:59,JPM,buy,2,468.92
TXN_00728,9803134690,2025-06-24,10:04:17,TSLA,sell,3,544.71
TXN_00729,7552075955,2025-06-24,10:40:20,JPM,buy,4,958.56
TXN_00730,9803134690,2025-06-24,13:56:44,TSLA,buy,3,946.05
TXN_00731,3997467631,2025-06-24,14:17:14,TSLA,buy,2,419.72
TXN_00732,1926010870,2025-06-25,10:49:34,META,sell,4,1595.32
TXN_00733,9474078998,2025-06-25,14:40:07,NVDA,sell,5,589.45
TXN_00734,3768699384,2025-06-25,15:54:22,AMZN,buy,5,1116.5
TXN_00735,5775818865,2025-06-25,16:04:41,JPM,sell,3,718.53
TXN_00736,9354048106,2025-06-26,10:21:28,TSLA,buy,12,2095.2
TXN_00737,9192201895,2025-06-26,13:40:49,GOOG,buy,4,704.96
TXN_00738,9354048106,2025-06-26,13:43:58,TSLA,sell,1,249.23
TXN_00739,5775818865,2025-06-26,16:01:48,JPM,buy,3,796.38
TXN_00740,9192201895,2025-06-27,10:18:06,NFLX,buy,1,1288.28
TXN_00741,5970995017,2025-06-27,11:21:49,AAPL,sell,5,1099.15
TXN_00742,1926010870,2025-06-27,12:03:14,GOOG,buy,29,4820.96
TXN_00743,5229455093,2025-06-27,15:22:52,JPM,sell,2,338.64
TXN_00744,5970995017,2025-06-27,15:47:16,AAPL,sell,3,679.5
TXN_00745,1926010870,2025-06-27,16:24:50,META,buy,4,2498.48
TXN_00746,5150695988,2025-06-27,16:45:45,BAC,buy,6,194.28
TXN_00747,3997467631,2025-06-28,09:01:48,MSFT,sell,4,1730.08
TXN_00748,3997467631,2025-06-28,09:02:52,AAPL,sell,2,459.0
TXN_00749,5970995017,2025-06-28,11:00:23,META,sell,4,2418.84
TXN_00750,9354048106,2025-06-28,13:53:42,TSLA,sell,1,175.34
TXN_00751,9192201895,2025-06-28,15:25:12,META,buy,4,2056.76
TXN_00752,3997467631,2025-06-28,16:18:04,AAPL,buy,2,455.12
TXN_00753,1926010870,2025-06-29,13:51:12,GOOG,sell,5,881.2
TXN_00754,5970995017,2025-06-29,15:03:16,META,sell,5,1955.15
TXN_00755,9862896116,2025-06-30,09:35:38,GOOG,buy,81,13172.22
TXN_00756,6625608873,2025-06-30,09:45:30,AAPL,buy,20,4437.0
TXN_00757,6625608873,2025-06-30,09:48:57,JPM,sell,5,1108.85
TXN_00758,6772985563,2025-06-30,09:53:34,META,sell,5,3595.05
TXN_00759,5150695988,2025-06-30,10:32:02,BAC,sell,1,38.92
TXN_00760,1926010870,2025-06-30,10:40:35,GOOG,buy,5,918.85
TXN_00761,7713225623,2025-06-30,11:05:43,AMZN,buy,11,1953.49
TXN_00762,5970995017,2025-06-30,12:13:34,AAPL,buy,5,823.3
TXN_00763,5229455093,2025-06-30,13:29:52,AMZN,sell,5,1111.3
TXN_00764,5775818865,2025-06-30,14:33:05,JPM,buy,1,290.6
TXN_00765,5229455093,2025-07-01,09:44:29,AMZN,buy,5,904.85
TXN_00766,3614142517,2025-07-01,10:28:14,BAC,buy,5,176.35
TXN_00767,6625608873,2025-07-01,12:21:15,TSLA,buy,50,8631.5
TXN_00768,1926010870,2025-07-01,15:52:45,META,buy,1,345.23
TXN_00769,5775818865,2025-07-01,16:04:38,MSFT,sell,3,1200.78
TXN_00770,5970995017,2025-07-02,09:15:31,META,buy,4,2449.08
TXN_00771,5150695988,2025-07-02,11:24:35,BAC,buy,1,38.3
TXN_00772,5229455093,2025-07-02,13:58:30,JPM,buy,2,361.44
TXN_00773,3997467631,2025-07-02,14:06:37,TSLA,sell,5,2315.1
TXN_00774,3997467631,2025-07-02,16:44:20,MSFT,buy,4,1698.84
TXN_00775,7552075955,2025-07-03,09:28:43,JPM,buy,18,4750.38
TXN_00776,6772985563,2025-07-03,11:13:39,META,buy,10,5669.1
TXN_00777,3614142517,2025-07-03,12:22:34,BAC,sell,4,175.68
TXN_00778,9803134690,2025-07-03,12:51:03,TSLA,sell,1,275.35
TXN_00779,5150695988,2025-07-03,16:07:14,JPM,buy,4,812.28
TXN_00780,5229455093,2025-07-03,16:45:08,META,sell,2,1470.9
TXN_00781,1926010870,2025-07-04,10:25:23,META,buy,36,17898.12
TXN_00782,5775818865,2025-07-04,11:21:19,MSFT,buy,3,1332.78
TXN_00783,9803134690,2025-07-04,12:00:14,AMZN,sell,5,885.2
TXN_00784,9192201895,2025-07-04,13:08:03,GOOG,buy,4,628.08
TXN_00785,1926010870,2025-07-04,13:17:22,META,sell,1,658.85
TXN_00786,6625608873,2025-07-04,14:08:45,JPM,buy,5,967.2
TXN_00787,9354048106,2025-07-04,14:12:21,TSLA,buy,1,177.81
TXN_00788,6625608873,2025-07-05,11:39:48,MSFT,sell,3,1261.71
TXN_00789,9474078998,2025-07-05,13:15:12,BAC,buy,42,1609.02
TXN_00790,9354048106,2025-07-05,14:02:57,META,sell,5,3521.4
TXN_00791,9192201895,2025-07-06,09:49:23,META,sell,4,1856.48
TXN_00792,5970995017,2025-07-06,10:34:58,META,buy,5,3521.4
TXN_00793,5229455093,2025-07-06,15:48:40,BAC,buy,39,1691.04
TXN_00794,5150695988,2025-07-06,16:02:07,BAC,buy,49,1881.6
TXN_00795,5229455093,2025-07-06,16:10:51,AMZN,buy,4,697.8
TXN_00796,9354048106,2025-07-06,16:21:32,TSLA,buy,1,389.22
TXN_00797,6625608873,2025-07-07,09:47:58,MSFT,buy,3,1261.74
TXN_00798,9803134690,2025-07-07,16:27:06,AMZN,sell,3,686.04
TXN_00799,5970995017,2025-07-08,09:31:49,AAPL,buy,3,641.43
TXN_00800,9803134690,2025-07-08,11:13:50,TSLA,buy,1,315.65
TXN_00801,9862896116,2025-07-09,09:46:11,GOOG,sell,5,866.95
TXN_00802,9862896116,2025-07-09,11:52:06,GOOG,sell,3,494.16
TXN_00803,9474078998,2025-07-09,12:45:56,NVDA,buy,73,4166.84
TXN_00804,9474078998,2025-07-09,13:45:51,NVDA,buy,5,636.8
TXN_00805,6772985563,2025-07-09,14:03:40,BAC,buy,4,186.72
TXN_00806,9803134690,2025-07-09,15:53:45,AMZN,buy,5,917.7
TXN_00807,7552075955,2025-07-10,10:06:47,TSLA,sell,5,1249.9
TXN_00808,3997467631,2025-07-10,12:10:32,TSLA,buy,5,847.4
TXN_00809,9354048106,2025-07-10,13:09:44,META,buy,11,4194.96
TXN_00810,9803134690,2025-07-10,14:01:39,AMZN,sell,3,596.67
TXN_00811,1402944639,2025-07-11,10:43:15,AAPL,sell,3,502.92
TXN_00812,3768699384,2025-07-11,11:19:48,META,sell,4,1979.16
TXN_00813,7552075955,2025-07-11,12:07:17,TSLA,buy,5,890.4
TXN_00814,6772985563,2025-07-11,12:12:06,META,buy,5,2911.95
TXN_00815,6625608873,2025-07-11,12:55:24,MSFT,buy,8,3300.64
TXN_00816,8093597035,2025-07-11,12:58:13,AMZN,sell,3,670.41
TXN_00817,3997467631,2025-07-12,09:55:41,MSFT,sell,4,1649.2
TXN_00818,9354048106,2025-07-12,09:58:29,META,sell,5,2424.55
TXN_00819,3768699384,2025-07-12,10:07:59,META,buy,4,2390.2
TXN_00820,5775818865,2025-07-12,10:11:47,JPM,sell,3,703.74
TXN_00821,9354048106,2025-07-12,11:14:27,META,buy,5,3194.7
TXN_00822,6772985563,2025-07-12,12:10:07,TSLA,sell,1,428.22
TXN_00823,1402944639,2025-07-12,12:44:57,AAPL,buy,3,505.11
TXN_00824,5150695988,2025-07-13,11:27:28,TSLA,buy,36,14297.4
TXN_00825,5775818865,2025-07-13,12:28:37,JPM,sell,5,1179.4
TXN_00826,3614142517,2025-07-13,12:48:48,BAC,buy,4,154.2
TXN_00827,9862896116,2025-07-13,16:16:53,GOOG,buy,3,590.76
TXN_00828,3614142517,2025-07-14,09:16:58,JPM,buy,7,1666.07
TXN_00829,1926010870,2025-07-14,09:40:12,TSLA,buy,1,168.38
TXN_00830,1926010870,2025-07-14,12:03:50,META,buy,1,514.63
TXN_00831,7552075955,2025-07-14,12:21:04,TSLA,sell,2,475.86
TXN_00832,9803134690,2025-07-14,15:05:48,AMZN,buy,3,584.85
TXN_00833,9862896116,2025-07-14,16:34:52,GOOG,sell,5,838.65
TXN_00834,6772985563,2025-07-14,16:45:10,BAC,sell,1,43.64
TXN_00835,3768699384,2025-07-15,09:44:42,AAPL,sell,4,898.88
TXN_00836,4313201683,2025-07-15,10:53:22,AAPL,sell,5,1128.75
TXN_00837,9192201895,2025-07-15,11:07:30,META,buy,4,2743.44
TXN_00838,5229455093,2025-07-15,13:11:57,META,buy,2,1435.02
TXN_00839,3997467631,2025-07-15,16:39:48,META,sell,2,955.62
TXN_00840,3614142517,2025-07-15,16:48:50,AMZN,buy,3,574.8
TXN_00841,9862896116,2025-07-16,11:20:02,GOOG,buy,5,1015.15
TXN_00842,6772985563,2025-07-16,12:52:32,META,buy,1,565.96
TXN_00843,9862896116,2025-07-16,13:24:30,GOOG,buy,5,869.0
TXN_00844,8093597035,2025-07-16,14:10:45,AMZN,buy,3,552.18
TXN_00845,3768699384,2025-07-16,14:13:45,AAPL,buy,4,929.28
TXN_00846,9474078998,2025-07-16,15:45:28,NVDA,sell,5,595.55
TXN_00847,3997467631,2025-07-17,10:17:04,MSFT,buy,4,1752.88
TXN_00848,9192201895,2025-07-17,10:23:10,META,buy,1,667.02
TXN_00849,4313201683,2025-07-17,11:10:26,MSFT,sell,1,497.41
TXN_00850,9192201895,2025-07-17,11:47:02,META,sell,1,596.35
TXN_00851,5775818865,2025-07-17,14:05:31,MSFT,sell,5,2075.15
TXN_00852,9803134690,2025-07-17,14:52:11,TSLA,sell,3,499.89
TXN_00853,7552075955,2025-07-18,11:07:18,BAC,buy,51,1823.76
TXN_00854,6625608873,2025-07-18,14:58:32,AAPL,buy,8,1868.56
TXN_00855,9862896116,2025-07-19,10:41:50,AMZN,buy,42,8639.4
TXN_00856,7552075955,2025-07-19,11:24:08,TSLA,buy,2,404.08
TXN_00857,5775818865,2025-07-19,11:29:00,MSFT,buy,5,2271.35
TXN_00858,1926010870,2025-07-19,13:44:05,GOOG,buy,8,1476.88
TXN_00859,6772985563,2025-07-19,16:47:32,TSLA,buy,1,183.28
TXN_00860,8093597035,2025-07-20,11:55:05,NFLX,sell,3,1847.49
TXN_00861,5970995017,2025-07-20,12:52:01,AAPL,buy,1,167.64
TXN_00862,1402944639,2025-07-20,12:53:40,BAC,buy,3,113.31
TXN_00863,1402944639,2025-07-20,13:42:39,BAC,sell,3,141.81
TXN_00864,5229455093,2025-07-20,14:29:18,AMZN,buy,19,3562.12
TXN_00865,3997467631,2025-07-20,15:50:23,TSLA,buy,1,257.02
TXN_00866,5150695988,2025-07-20,16:11:08,JPM,sell,3,627.81
TXN_00867,9862896116,2025-07-20,16:12:59,GOOG,sell,4,588.2
TXN_00868,4313201683,2025-07-21,10:50:57,TSLA,buy,20,3523.8
TXN_00869,3768699384,2025-07-21,11:59:48,GOOG,buy,6,974.34
TXN_00870,9354048106,2025-07-21,12:23:42,META,buy,5,3282.05
TXN_00871,9803134690,2025-07-21,14:36:57,AMZN,buy,3,573.48
TXN_00872,8093597035,2025-07-22,09:39:57,AMZN,buy,18,3004.92
TXN_00873,1402944639,2025-07-22,10:57:05,AAPL,buy,21,4884.39
TXN_00874,9354048106,2025-07-23,12:22:26,META,sell,3,2105.58
TXN_00875,5775818865,2025-07-24,10:34:06,JPM,buy,3,793.38
TXN_00876,3997467631,2025-07-24,14:41:34,META,buy,2,932.36
TXN_00877,9803134690,2025-07-25,09:08:41,TSLA,buy,3,990.72
TXN_00878,9803134690,2025-07-25,09:21:54,AMZN,sell,5,925.65
TXN_00879,6772985563,2025-07-25,09:45:57,BAC,buy,1,38.78
TXN_00880,6625608873,2025-07-25,11:13:31,JPM,sell,3,607.47
TXN_00881,4313201683,2025-07-26,11:37:08,AAPL,buy,5,1013.45
TXN_00882,5775818865,2025-07-26,13:32:42,JPM,buy,5,1331.4
TXN_00883,9474078998,2025-07-26,15:04:36,NVDA,buy,5,604.2
TXN_00884,6625608873,2025-07-26,16:34:09,JPM,buy,3,521.4
TXN_00885,3768699384,2025-07-26,16:49:30,AAPL,sell,2,401.7
TXN_00886,5970995017,2025-07-26,16:58:57,META,sell,3,1534.11
TXN_00887,1402944639,2025-07-27,09:43:18,GOOG,buy,81,12572.82
TXN_00888,9192201895,2025-07-27,15:43:09,META,sell,5,2499.95
TXN_00889,1926010870,2025-07-28,12:55:41,META,sell,3,1606.5
TXN_00890,4313201683,2025-07-28,13:38:13,NFLX,buy,15,10254.3
TXN_00891,4313201683,2025-07-28,13:42:39,AAPL,buy,25,5662.5
TXN_00892,1926010870,2025-07-28,15:04:29,META,buy,3,1534.11
TXN_00893,6772985563,2025-07-29,09:44:21,MSFT,buy,1,415.37
TXN_00894,3997467631,2025-07-29,09:52:22,META,sell,2,1106.08
TXN_00895,1402944639,2025-07-29,10:24:12,AAPL,buy,1,206.03
TXN_00896,1926010870,2025-07-29,15:12:01,GOOG,sell,3,465.66
TXN_00897,5775818865,2025-07-29,16:40:13,MSFT,sell,4,1436.72
TXN_00898,5970995017,2025-07-30,10:11:42,META,buy,3,1788.6
TXN_00899,1402944639,2025-07-30,11:41:22,GOOG,buy,266,47677.84
TXN_00900,4313201683,2025-07-30,13:23:14,MSFT,buy,1,379.46
TXN_00901,3997467631,2025-07-30,16:10:04,META,sell,3,1488.12
TXN_00902,5150695988,2025-07-31,09:00:47,JPM,buy,3,574.56
TXN_00903,8093597035,2025-07-31,11:17:27,NFLX,buy,3,3854.58
TXN_00904,9862896116,2025-07-31,11:45:40,GOOG,buy,4,563.68
TXN_00905,5150695988,2025-07-31,13:02:26,BAC,sell,3,125.34
TXN_00906,3768699384,2025-07-31,14:41:53,GOOG,sell,4,741.48
TXN_00907,1402944639,2025-08-01,10:36:59,AAPL,sell,2,424.16
TXN_00908,3614142517,2025-08-01,12:51:03,AMZN,sell,2,422.96
TXN_00909,3997467631,2025-08-01,13:58:45,TSLA,sell,3,714.03
TXN_00910,3614142517,2025-08-01,15:34:27,JPM,buy,8,1647.04
TXN_00911,3997467631,2025-08-01,16:28:31,META,buy,2,915.22
TXN_00912,9862896116,2025-08-02,09:07:35,GOOG,buy,30,5331.3
TXN_00913,8093597035,2025-08-02,09:09:45,NFLX,sell,5,5688.45
TXN_00914,3768699384,2025-08-02,09:53:27,META,buy,4,2322.32
TXN_00915,1402944639,2025-08-02,10:04:21,BAC,buy,79,2558.02
TXN_00916,5229455093,2025-08-02,14:40:45,JPM,sell,4,1177.04
TXN_00917,6625608873,2025-08-02,16:00:01,TSLA,sell,4,1328.2
TXN_00918,9354048106,2025-08-03,11:02:48,META,sell,1,564.13
TXN_00919,3768699384,2025-08-03,14:01:46,GOOG,buy,4,658.4
TXN_00920,9862896116,2025-08-03,16:08:22,AMZN,sell,5,914.05
TXN_00921,6625608873,2025-08-04,09:20:53,AAPL,sell,1,221.35
TXN_00922,7713225623,2025-08-04,09:54:59,AAPL,sell,4,673.76
TXN_00923,9862896116,2025-08-04,10:53:28,AMZN,buy,41,7528.83
TXN_00924,9354048106,2025-08-04,12:22:50,META,buy,3,1750.44
TXN_00925,3614142517,2025-08-04,15:01:37,AMZN,buy,2,447.76
TXN_00926,5229455093,2025-08-05,10:27:01,JPM,buy,4,1094.72
TXN_00927,5775818865,2025-08-05,11:45:55,JPM,sell,4,770.76
TXN_00928,4313201683,2025-08-06,09:19:14,AAPL,buy,36,7811.28
TXN_00929,6625608873,2025-08-06,09:29:47,JPM,sell,2,482.02
TXN_00930,9803134690,2025-08-06,14:31:16,AMZN,buy,5,947.5
TXN_00931,9862896116,2025-08-06,15:18:54,GOOG,sell,2,339.78
TXN_00932,9862896116,2025-08-06,15:22:57,AMZN,buy,5,1070.5
TXN_00933,7713225623,2025-08-07,09:40:55,MSFT,sell,4,1915.48
TXN_00934,6625608873,2025-08-07,12:27:58,TSLA,sell,1,201.38
TXN_00935,7552075955,2025-08-07,14:46:57,JPM,sell,4,943.52
TXN_00936,7713225623,2025-08-08,09:44:59,AMZN,buy,144,26997.12
TXN_00937,6625608873,2025-08-08,11:21:17,TSLA,buy,4,785.48
TXN_00938,3614142517,2025-08-08,11:40:34,BAC,buy,268,8675.16
TXN_00939,3768699384,2025-08-08,12:48:32,AAPL,buy,2,488.54
TXN_00940,6625608873,2025-08-08,13:14:00,JPM,buy,2,408.02
TXN_00941,5775818865,2025-08-09,09:05:44,MSFT,buy,4,1559.44
TXN_00942,1402944639,2025-08-09,09:18:03,GOOG,sell,2,307.44
TXN_00943,8093597035,2025-08-09,12:17:22,NFLX,buy,5,5902.45
TXN_00944,9354048106,2025-08-09,12:22:40,META,buy,1,530.11
TXN_00945,7713225623,2025-08-09,13:22:46,AAPL,buy,4,980.92
TXN_00946,7552075955,2025-08-09,15:32:59,JPM,buy,4,1157.48
TXN_00947,5150695988,2025-08-09,16:23:21,TSLA,sell,2,336.76
TXN_00948,9474078998,2025-08-10,09:04:44,NVDA,buy,52,6127.68
TXN_00949,9803134690,2025-08-10,10:34:15,TSLA,sell,3,1176.63
TXN_00950,1402944639,2025-08-10,11:07:54,AAPL,buy,2,362.88
TXN_00951,6625608873,2025-08-10,11:56:19,AAPL,buy,1,187.71
TXN_00952,3997467631,2025-08-10,12:06:34,AAPL,sell,3,578.07
TXN_00953,9192201895,2025-08-10,14:07:21,META,buy,5,2690.35
TXN_00954,1926010870,2025-08-10,14:49:52,GOOG,buy,3,433.38
TXN_00955,6625608873,2025-08-10,16:18:27,MSFT,sell,2,816.42
TXN_00956,3768699384,2025-08-11,16:53:08,AAPL,sell,4,679.64
TXN_00957,5150695988,2025-08-12,09:31:35,TSLA,sell,2,343.94
TXN_00958,6772985563,2025-08-12,12:13:51,MSFT,buy,1,411.97
TXN_00959,3997467631,2025-08-12,16:53:49,META,buy,3,1715.52
TXN_00960,7713225623,2025-08-13,11:36:02,MSFT,buy,4,1557.8
TXN_00961,1402944639,2025-08-13,11:38:54,GOOG,buy,2,331.7
TXN_00962,5150695988,2025-08-13,13:17:34,BAC,buy,3,144.45
TXN_00963,8093597035,2025-08-13,13:19:22,NFLX,buy,19,11618.12
TXN_00964,3768699384,2025-08-13,14:42:54,GOOG,sell,3,516.63
TXN_00965,6625608873,2025-08-13,15:16:56,TSLA,buy,1,250.08
TXN_00966,5775818865,2025-08-13,16:32:34,JPM,buy,4,1149.48
TXN_00967,6772985563,2025-08-13,16:58:48,MSFT,buy,3,1334.88
TXN_00968,5150695988,2025-08-14,11:52:59,BAC,sell,5,228.25
TXN_00969,6625608873,2025-08-14,14:19:04,MSFT,buy,2,843.68
TXN_00970,3997467631,2025-08-14,14:29:10,TSLA,buy,3,1122.96
TXN_00971,3768699384,2025-08-15,10:48:01,AAPL,sell,3,521.55
TXN_00972,1402944639,2025-08-15,12:18:59,AAPL,sell,5,1128.75
TXN_00973,8093597035,2025-08-16,11:28:51,MSFT,sell,4,1613.44
TXN_00974,9862896116,2025-08-16,11:30:56,GOOG,sell,5,706.8
TXN_00975,9474078998,2025-08-16,12:11:24,MSFT,sell,2,1055.5
TXN_00976,9862896116,2025-08-16,15:45:23,GOOG,buy,5,722.75
TXN_00977,3768699384,2025-08-16,16:26:54,AAPL,buy,4,804.52
TXN_00978,1926010870,2025-08-17,09:42:30,META,sell,5,2436.25
TXN_00979,1926010870,2025-08-17,10:51:15,META,buy,5,2370.55
TXN_00980,9803134690,2025-08-17,11:04:54,TSLA,buy,3,487.5
TXN_00981,4313201683,2025-08-17,11:09:11,MSFT,buy,3,1235.13
TXN_00982,5229455093,2025-08-17,11:10:53,JPM,buy,10,2636.1
TXN_00983,9862896116,2025-08-17,11:31:55,GOOG,buy,2,353.72
TXN_00984,4313201683,2025-08-17,13:57:51,MSFT,sell,3,1134.33
TXN_00985,5775818865,2025-08-17,15:11:56,MSFT,buy,17,8262.0
TXN_00986,8093597035,2025-08-18,10:08:42,MSFT,buy,9,3918.33
TXN_00987,1402944639,2025-08-18,11:09:34,AAPL,buy,5,1136.0
TXN_00988,3768699384,2025-08-18,11:10:32,AAPL,buy,3,739.5
TXN_00989,9474078998,2025-08-18,11:39:31,MSFT,buy,2,794.38
TXN_00990,5150695988,2025-08-18,11:54:35,TSLA,buy,2,647.26
TXN_00991,1926010870,2025-08-18,12:23:08,META,sell,4,2210.88
TXN_00992,9862896116,2025-08-18,12:39:58,AMZN,buy,54,8518.5
TXN_00993,5150695988,2025-08-18,12:43:03,TSLA,buy,2,341.66
TXN_00994,5150695988,2025-08-18,12:59:24,BAC,buy,5,194.15
TXN_00995,3768699384,2025-08-18,13:42:06,META,buy,2,1151.48
TXN_00996,3768699384,2025-08-18,14:24:33,GOOG,buy,3,577.53
TXN_00997,3997467631,2025-08-18,14:36:10,AAPL,buy,3,696.96
TXN_00998,3768699384,2025-08-18,15:10:30,META,sell,2,996.06
TXN_00999,1926010870,2025-08-18,16:15:10,META,buy,4,2007.68
TXN_01000,8093597035,2025-08-18,16:57:25,MSFT,buy,4,1763.68
